Label,Time,XPos,YPos,ZPos,XRot,YRot,ZRot
Head,4.28,0.01078091,1.776848,-7.851256,27.19671,350.5685,15.25488
Head,4.5,-0.01010187,1.669093,-7.776588,48.15139,342.0009,6.750721
Head,4.72,-0.02012392,1.433676,-7.724114,78.16792,323.9588,346.3768
Head,4.94,-0.02266814,1.245036,-7.721519,78.25714,201.0571,217.6234
Head,5.18,-0.02640446,1.219296,-7.678817,79.3223,222.0385,228.8548
Head,5.4,-0.06799623,1.201042,-7.611259,80.10588,220.4938,233.5802
Head,5.64,-0.1068437,1.191662,-7.55622,86.43119,239.8777,262.721
Head,5.86,-0.1243468,1.184867,-7.536709,89.09129,302.2733,331.3096
Head,6.1,-0.1264964,1.183534,-7.53691,89.67857,332.5606,2.249346
Head,6.32,-0.1299816,1.179744,-7.540706,87.21091,70.48,103.0743
Head,6.56,-0.1405176,1.183701,-7.546315,83.96097,55.89738,89.48628
Head,6.78,-0.1407299,1.195175,-7.5665,86.57361,12.52242,47.14143
Head,7,-0.1112891,1.197325,-7.631274,62.03716,316.4102,344.2712
Head,7.22,-0.06918145,1.189591,-7.717062,53.29011,314.801,351.5052
Head,7.44,-0.02794755,1.174527,-7.788888,25.74576,319.7264,355.1747
Head,7.66,-0.005337613,1.168268,-7.828529,17.65011,321.4623,355.4919
Head,7.9,0.005617119,1.165561,-7.841745,16.50253,323.0153,354.6165
Head,8.12,0.002411278,1.165262,-7.838839,17.27415,323.5858,355.0555
Head,8.36,0.002819171,1.164354,-7.838816,16.91058,323.6488,354.7636
Head,8.58,0.001245698,1.164053,-7.838826,17.20496,323.7172,355.1135
Head,8.82,-0.001652038,1.161483,-7.835382,18.36586,324.0795,355.3678
Head,9.04,-0.002247969,1.161187,-7.834695,18.64957,323.7223,354.9878
Head,9.28,-0.002019513,1.161187,-7.835256,18.21221,323.7183,354.9116
Head,9.5,-0.001532443,1.161391,-7.835569,18.11243,323.7583,354.9
Head,9.74,-0.001029499,1.161567,-7.835268,18.18965,323.7881,354.8367
Head,9.96,-0.0009151734,1.161606,-7.834948,18.25289,323.8046,354.8399
Head,10.2,-0.001136366,1.161769,-7.834992,18.27681,323.8027,354.9163
Head,10.42,-0.001353143,1.161856,-7.834898,18.28204,323.8204,354.9447
Head,10.66,-0.001542304,1.161946,-7.834906,18.30869,323.8083,354.9766
Head,10.88,-0.001497321,1.161975,-7.834942,18.32807,323.8235,354.9648
Head,11.1,-0.001728378,1.162478,-7.834119,19.35256,323.9799,354.9311
Head,11.34,-0.001021964,1.16246,-7.834464,18.7847,323.9218,354.8191
Head,11.56,-0.001306044,1.162419,-7.83456,18.63716,324.0064,354.8903
Head,11.8,7.865578E-05,1.163021,-7.834729,18.5033,324.1411,354.7035
Head,12.02,-0.002667343,1.163553,-7.833375,20.75553,323.8712,354.8539
Head,12.26,-0.01010117,1.202537,-7.795667,58.08609,284.8018,325.1459
Head,12.48,-0.01123164,1.383109,-7.795577,77.74187,320.8937,316.8227
Head,12.72,-0.0003316682,1.514405,-7.768482,75.49948,315.7981,333.5307
Head,12.94,-0.02077927,1.596245,-7.781245,62.62975,335.2835,352.7975
Head,13.16,-0.02516368,1.617849,-7.798098,53.02233,327.6951,353.7573
Head,13.4,-0.03651313,1.628,-7.805687,42.75048,323.7599,351.144
Head,13.62,-0.005552128,1.615867,-7.84272,46.90556,358.3156,351.2397
Head,13.86,0.000615567,1.600321,-7.840572,51.25776,0.07859527,351.8433
Head,14.08,0.00316042,1.599258,-7.840075,51.75534,1.05992,352.5413
Head,14.32,-0.003698166,1.603319,-7.837026,45.95419,359.5564,353.6458
Head,14.54,-0.007624027,1.612939,-7.845191,41.48492,359.1724,353.2823
Head,14.78,-0.01127301,1.64398,-7.849084,38.0825,357.5097,354.1491
Head,15,-0.01490825,1.643523,-7.854325,39.70405,356.4362,353.0322
Head,15.22,-0.01669848,1.644343,-7.853873,36.28198,356.6594,354.0471
Head,15.44,-0.02016534,1.644221,-7.857779,33.14505,356.5374,355.1303
Head,15.68,-0.02212682,1.655987,-7.861623,29.75659,356.1249,356.644
Head,15.9,-0.02107326,1.666992,-7.863062,25.41462,357.3286,358.353
Head,16.14,-0.01361569,1.675616,-7.868716,23.59908,1.507252,0.9005296
Head,16.36,-0.006560522,1.679878,-7.874145,22.93956,4.888573,2.93569
Head,16.6,-0.007277016,1.677804,-7.877985,23.67454,4.355012,2.575292
Head,16.82,-0.007109325,1.695295,-7.860308,42.52024,3.376318,356.71
Head,17.06,-0.01006911,1.625688,-7.770284,66.65794,27.32445,342.6477
Head,17.28,-0.06615715,1.511431,-7.72112,70.87938,57.78309,0.46938
Head,17.52,-0.1769796,1.419016,-7.681993,78.53159,68.71784,9.08054
Head,17.74,-0.2930785,1.375814,-7.620813,78.31676,359.3892,292.9387
Head,17.98,-0.3369803,1.374431,-7.58982,73.72929,10.10682,298.9109
Head,18.2,-0.3202488,1.3728,-7.597488,74.9288,44.06412,331.8094
Head,18.44,-0.2907247,1.375303,-7.607788,76.98019,51.40897,348.3346
Head,18.66,-0.283214,1.372497,-7.614764,75.05108,43.18798,354.5969
Head,18.88,-0.315792,1.366402,-7.614812,73.03057,19.84839,335.6778
Head,19.12,-0.3566286,1.389213,-7.610155,63.60918,28.79125,336.4492
Head,19.34,-0.3733777,1.396779,-7.610008,72.27731,37.93874,340.5038
Head,19.58,-0.3432662,1.379225,-7.612465,78.15697,34.02571,330.6894
Head,19.8,-0.3202895,1.383423,-7.620016,76.06218,41.71863,339.5232
Head,20.04,-0.2931098,1.372904,-7.641134,77.37138,55.77501,1.934261
Head,20.28,-0.2692944,1.383252,-7.651263,80.46159,37.73355,343.8858
Head,20.5,-0.2185151,1.400653,-7.667494,76.14471,8.660863,319.9419
Head,20.72,-0.1292176,1.389953,-7.72037,73.2612,17.30021,334.6806
Head,20.96,-0.03683326,1.324182,-7.796894,76.60316,49.36753,7.240354
Head,21.18,0.0075262,1.25419,-7.839612,75.33817,58.74304,7.85843
Head,21.42,0.01532667,1.193024,-7.852424,78.97031,54.02947,357.466
Head,21.64,0.00423117,1.172148,-7.854845,72.03064,65.04873,7.063311
Head,21.88,-0.00873312,1.173282,-7.860518,66.99606,75.6367,10.85452
Head,22.1,-0.0004663058,1.171831,-7.859315,71.58936,74.9704,10.38338
Head,22.34,0.001221687,1.17167,-7.857763,72.74516,76.68402,11.86881
Head,22.56,0.003941584,1.171326,-7.854883,75.07473,84.30461,18.81877
Head,22.8,0.003455654,1.171587,-7.853197,74.82549,88.89673,23.06555
Head,23.02,0.005217615,1.171208,-7.851877,75.33541,91.80209,25.34147
Head,23.24,0.001658756,1.169537,-7.854195,71.62959,84.70765,17.15167
Head,23.48,0.002275679,1.167418,-7.85438,71.07392,85.60491,15.76276
Head,23.72,0.003485106,1.167297,-7.853102,71.98621,89.40108,19.09301
Head,23.94,0.002236314,1.164518,-7.850286,68.90512,91.72891,18.41978
Head,24.16,0.001534112,1.153715,-7.839804,61.22745,101.4359,18.52041
Head,24.38,-0.005698819,1.142814,-7.839413,51.10775,97.45083,7.038052
Head,24.62,-0.006478835,1.14457,-7.841504,50.84122,93.10583,3.048892
Head,24.84,-0.006811853,1.145123,-7.843885,50.90673,90.30515,0.4817428
Head,25.08,-0.005970035,1.144374,-7.84376,50.84178,90.99715,1.152057
Head,25.3,-0.006073412,1.145585,-7.84496,51.30962,89.49841,359.8827
Head,25.54,-0.006816123,1.148746,-7.845887,53.01975,86.68519,357.8649
Head,25.76,-0.005440552,1.148937,-7.845319,53.78938,87.35902,358.2338
Head,26,-0.005002696,1.149354,-7.845573,53.48322,86.99937,358.0769
Head,26.22,-0.003855899,1.14948,-7.845041,54.27395,87.8517,358.5226
Head,26.46,0.001356997,1.152459,-7.84262,59.24548,91.09377,1.081144
Head,26.68,0.005996615,1.158485,-7.841333,66.44259,89.2133,357.3491
Head,26.92,0.007289123,1.159133,-7.840442,68.25158,89.90857,357.5836
Head,27.14,0.01003298,1.162557,-7.839956,73.14269,86.39224,353.9996
Head,27.38,0.01025293,1.162418,-7.840033,73.63148,85.97067,353.4617
Head,27.6,0.01004491,1.162171,-7.839516,73.63314,86.93228,354.3708
Head,27.84,0.009835683,1.161761,-7.839385,73.75797,87.05896,354.4128
Head,28.06,0.009961523,1.161686,-7.839317,73.84438,86.92085,354.2379
Head,28.28,0.009763207,1.161782,-7.839431,73.73161,86.66489,353.9794
Head,28.52,0.0100624,1.161751,-7.839336,73.80598,86.70221,353.9528
Head,28.74,0.009836674,1.161607,-7.839458,73.74595,86.71082,353.9693
Head,28.98,0.0098713,1.161501,-7.839471,73.63765,86.71047,353.918
Head,29.2,0.009382028,1.161221,-7.839461,73.66798,87.14466,354.2513
Head,29.44,0.009694293,1.160994,-7.838564,73.99174,89.6804,356.723
Head,29.66,0.009836804,1.160873,-7.837396,74.10904,92.28688,359.232
Head,29.9,0.008174714,1.163069,-7.83711,73.62465,95.25471,1.248654
Head,30.12,0.01073065,1.160307,-7.836732,73.15704,99.38299,4.625835
Head,30.36,0.018882,1.152973,-7.815602,74.7347,112.9131,19.57185
Head,30.58,0.02642903,1.154347,-7.770139,74.49578,111.5103,19.20944
Head,30.82,0.0283436,1.154547,-7.749521,73.33965,114.4898,21.70211
Head,31.04,0.02389367,1.155434,-7.754851,72.76288,109.9433,16.28313
Head,31.26,0.02419002,1.155632,-7.754954,72.79754,110.4441,16.72698
Head,31.5,0.02341805,1.155721,-7.754851,72.70942,110.6788,17.10998
Head,31.72,0.02430857,1.155951,-7.754428,72.82586,111.3211,17.76807
Head,31.96,0.02453412,1.155884,-7.75428,72.81085,111.6415,18.10374
Head,32.22,-0.07354701,1.234319,-7.63348,30.32193,351.3687,351.8056
Head,32.48,-0.008419794,1.69335,-7.883514,20.32597,22.9103,1.932888
Head,32.7,-0.004307681,1.69639,-7.842531,18.08615,0.2211595,3.28056
Head,32.92,-0.01022879,1.700155,-7.84485,17.37549,359.5312,4.372678
Head,33.14,-0.01250856,1.703462,-7.844715,16.85686,358.8245,5.039426
Head,33.38,-0.01336146,1.704844,-7.845263,16.05672,358.6041,4.586475
Head,33.6,-0.01178258,1.704812,-7.846368,15.7551,358.2842,4.263017
Head,33.84,-0.009510058,1.706367,-7.846662,15.12785,358.3958,4.32107
Head,34.06,-0.0062669,1.71082,-7.845282,12.04905,359.5094,6.755137
Head,34.3,-0.002087545,1.711402,-7.845631,12.15074,2.942131,7.342847
Head,34.52,-0.0008330643,1.7188,-7.848864,10.70477,6.658129,8.987301
Head,34.74,0.006679618,1.73149,-7.842436,28.32658,16.24872,14.21963
Head,34.98,0.002753142,1.674445,-7.796527,33.98082,15.80147,12.02681
Head,35.2,-0.01738732,1.612687,-7.797866,44.68162,19.37928,9.726933
Head,35.44,-0.02859519,1.582744,-7.783276,54.6941,18.57347,8.286866
Head,35.66,-0.04774678,1.580015,-7.764236,54.39501,22.18389,12.2065
Head,35.9,-0.05411347,1.578065,-7.749217,55.90374,27.77994,17.03234
Head,36.14,-0.05270031,1.575273,-7.742458,56.78957,28.42149,16.53407
Head,36.36,-0.04983117,1.573113,-7.740396,57.25005,28.84197,15.98905
Head,36.6,-0.05047928,1.573663,-7.739412,57.33961,30.72038,16.93255
Head,36.82,-0.04998299,1.572285,-7.737668,57.95889,30.11312,16.86628
Head,37.06,-0.05084563,1.573103,-7.739974,57.67073,29.99506,16.23952
Head,37.28,-0.05016221,1.573035,-7.742033,57.48267,30.32154,16.13774
Head,37.52,-0.05108041,1.573983,-7.74316,57.57466,30.0616,16.0453
Head,37.74,-0.05175805,1.575603,-7.744877,57.33074,30.11483,16.22152
Head,37.98,-0.04926163,1.577735,-7.748733,56.61945,28.19878,14.26068
Head,38.2,-0.04795968,1.577656,-7.751499,56.64238,28.1624,13.86987
Head,38.44,-0.04566552,1.576841,-7.752085,57.09458,28.1798,13.65895
Head,38.66,-0.04144476,1.577797,-7.753569,57.07499,26.16001,11.93301
Head,38.9,-0.0324218,1.577781,-7.757266,56.36147,22.08531,8.140763
Head,39.14,-0.01454123,1.579079,-7.759149,57.46681,15.94466,1.803954
Head,39.36,0.01628985,1.590499,-7.76393,60.01982,4.76295,354.3117
Head,39.58,0.03440511,1.587634,-7.76197,59.61602,353.2236,348.3846
Head,39.82,0.02942241,1.578683,-7.76313,60.40537,358.0908,347.2246
Head,40.04,0.02294662,1.567845,-7.762454,60.87871,354.7032,340.9272
Head,40.26,0.01175151,1.552749,-7.775603,61.05049,0.3568105,340.3359
Head,40.5,-0.00550836,1.532163,-7.802691,62.51204,1.267521,331.5659
Head,40.72,-0.02691652,1.503187,-7.8457,62.6559,5.917591,324.9928
Head,40.96,-0.05090954,1.483821,-7.887261,63.64956,19.79506,324.7742
Head,41.18,-0.06532806,1.485751,-7.905348,64.94083,29.55886,334.7704
Head,41.42,-0.0651007,1.503609,-7.907922,64.20051,28.2779,336.1164
Head,41.66,-0.05941063,1.525568,-7.9157,62.90524,25.42525,335.6508
Head,41.88,-0.06788678,1.530781,-7.916105,62.14986,30.97463,339.864
Head,42.1,-0.07582253,1.528203,-7.914779,62.13643,33.88117,342.6739
Head,42.34,-0.08879766,1.521116,-7.902946,62.88828,42.56355,344.8431
Head,42.56,-0.1036759,1.483637,-7.86915,57.79777,46.99354,325.1449
Head,42.8,-0.1735595,1.456891,-7.798325,46.34523,77.92938,345.4475
Head,43.02,-0.2543277,1.413858,-7.716224,52.7109,80.53089,350.9686
Head,43.24,-0.2881798,1.407046,-7.674001,48.56432,84.48028,357.9949
Head,43.48,-0.2904548,1.422811,-7.664351,47.80809,82.67817,352.6725
Head,43.7,-0.2962432,1.435667,-7.659838,47.22934,82.53502,350.8764
Head,43.92,-0.3098499,1.440782,-7.660615,43.63925,82.12445,348.8282
Head,44.16,-0.3253332,1.438114,-7.653636,41.49371,83.85957,351.7981
Head,44.38,-0.3255368,1.437483,-7.653114,41.86771,82.03405,350.8757
Head,44.62,-0.3331037,1.437068,-7.648407,37.74667,83.91786,354.3681
Head,44.84,-0.3386109,1.415179,-7.636969,35.70832,88.76824,3.023905
Head,45.08,-0.3322454,1.430874,-7.643272,36.77546,84.4767,355.9097
Head,45.3,-0.3315812,1.430564,-7.638362,38.58882,88.39104,359.9558
Head,45.54,-0.3394679,1.427682,-7.629846,27.95461,89.21084,13.26013
Head,45.76,-0.3456115,1.454174,-7.624694,34.2248,81.66438,26.69922
Head,45.98,-0.3818264,1.48875,-7.613261,35.87785,90.1728,29.71859
Head,46.22,-0.4459878,1.488169,-7.591532,45.5627,91.3728,32.8443
Head,46.44,-0.5093486,1.482779,-7.54975,50.44063,98.71615,23.06543
Head,46.68,-0.569436,1.483916,-7.535169,55.99891,97.29982,26.69581
Head,46.9,-0.59695,1.479411,-7.525741,49.9406,94.15568,23.20774
Head,47.14,-0.6154531,1.481363,-7.509103,45.82542,97.74477,21.26425
Head,47.36,-0.6236526,1.489375,-7.497635,55.20078,103.6168,22.25451
Head,47.6,-0.6458746,1.5007,-7.503654,42.9086,93.94797,16.3335
Head,47.82,-0.6929362,1.549284,-7.513107,39.92357,98.14245,10.99565
Head,48.04,-0.7247627,1.592369,-7.524818,38.28463,110.5177,5.086243
Head,48.28,-0.6804093,1.566909,-7.514005,34.86592,93.07276,13.2495
Head,48.5,-0.5614878,1.523252,-7.491629,41.33916,82.13683,16.63548
Head,48.74,-0.4693738,1.509178,-7.467387,42.54107,80.22577,16.1034
Head,48.96,-0.4582329,1.538912,-7.458847,39.07598,80.22686,14.62914
Head,49.2,-0.4490871,1.570035,-7.47576,36.29055,79.96143,14.7833
Head,49.42,-0.4466613,1.564648,-7.466544,33.38557,80.94494,12.43165
Head,49.66,-0.4407994,1.566562,-7.452477,31.44226,79.13294,11.28538
Head,49.88,-0.4335395,1.564619,-7.451066,27.44657,78.47578,11.0687
Head,50.1,0.01345542,1.578854,-7.843969,25.64793,0.6659949,9.503068
Head,50.32,0.0307346,1.59502,-7.853179,20.35865,2.249496,8.47008
Head,50.56,0.04630095,1.609739,-7.862429,17.45872,3.1119,6.044027
Head,50.8,0.05767682,1.617826,-7.871601,16.05883,3.94438,4.703152
Head,51.02,0.05584255,1.622375,-7.880799,14.20313,3.338875,4.401401
Head,51.26,0.05955228,1.62043,-7.880065,11.06431,5.563975,6.151436
Head,51.48,0.06558448,1.613297,-7.864223,12.67775,5.121287,6.953326
Head,51.7,0.07066819,1.609921,-7.8503,12.28768,5.117782,6.633026
Head,51.94,0.06950656,1.616477,-7.844571,10.01256,5.985414,6.088683
Head,52.16,0.06720772,1.621749,-7.836165,4.143473,5.913025,6.063493
Head,52.4,0.06377366,1.618859,-7.833163,4.142553,7.545718,8.297622
Head,52.62,0.05745363,1.615834,-7.831748,3.250877,8.51614,5.56009
Head,52.86,0.05344018,1.621099,-7.834382,359.2623,7.318622,7.945558
Head,53.08,0.04792115,1.613449,-7.828438,3.36849,6.524122,7.642391
Head,53.32,0.04321212,1.608403,-7.819358,4.219339,4.63751,4.087037
Head,53.56,0.04174224,1.612093,-7.819098,0.2709631,6.649863,0.6986948
Head,53.78,0.03550297,1.611426,-7.827073,4.262312,3.477028,1.297929
Head,54,0.03390154,1.617812,-7.83253,9.438895,3.412811,359.9715
Head,54.24,0.02750376,1.608854,-7.841994,25.17431,2.214282,358.4434
Head,54.46,0.01900187,1.608784,-7.828528,22.30286,3.220521,357.7654
Head,54.7,0.02470571,1.61352,-7.827431,20.4523,359.395,356.742
Head,54.92,0.02128884,1.61627,-7.83537,19.68005,352.2299,354.8858
Head,55.14,0.03034949,1.620281,-7.841604,19.60376,356.2313,352.2913
Head,55.36,0.03770107,1.62316,-7.845422,18.04048,356.7696,351.7692
Head,55.6,0.0467076,1.621118,-7.847879,19.1368,359.7969,354.6498
Head,55.82,0.04385874,1.619037,-7.852421,20.88217,0.3277608,354.7244
Head,56.06,0.04164937,1.618723,-7.854167,21.23075,359.6307,355.1254
Head,56.3,0.0400832,1.616522,-7.852865,21.62687,359.7682,355.9325
Head,56.52,0.03782728,1.615398,-7.853549,21.85561,359.1188,356.1894
Head,56.76,0.035638,1.613028,-7.854248,22.52157,358.1812,356.3574
Head,56.98,0.03277504,1.609905,-7.852533,22.82618,357.0104,356.8142
Head,57.22,0.03217086,1.60899,-7.851284,21.68933,355.6099,356.0855
Head,57.44,0.03312993,1.60876,-7.85043,20.66356,354.9982,355.6853
Head,57.68,0.03427491,1.610887,-7.849296,18.83719,353.8588,354.9548
Head,57.9,0.0355894,1.6136,-7.848849,15.07253,353.0667,357.2731
Head,58.14,0.02926043,1.612337,-7.848767,14.69825,350.8239,356.3242
Head,58.36,0.02712664,1.60582,-7.845601,15.69019,347.795,353.9276
Head,58.58,0.02496672,1.604084,-7.844843,15.58595,347.7806,354.2299
Head,58.82,0.02130035,1.602085,-7.840536,15.63118,345.8357,353.2405
Head,59.04,0.01434329,1.601821,-7.839365,15.34676,345.9821,354.4794
Head,59.28,0.008782328,1.600186,-7.835671,15.16737,343.8506,353.7061
Head,59.5,0.004700362,1.598214,-7.83436,15.69561,343.0579,352.8339
Head,59.74,0.006079733,1.599191,-7.834097,14.89785,344.0113,353.8224
Head,59.96,0.008630514,1.600842,-7.836487,14.18718,345.6373,355.8388
Head,60.2,0.0137828,1.601445,-7.838081,15.69901,345.0526,356.9448
Head,60.42,0.01867774,1.600478,-7.839954,16.55581,346.0073,356.7715
Head,60.66,0.02274767,1.603966,-7.841214,14.74428,346.4612,357.0168
Head,60.88,0.02818343,1.609256,-7.84341,12.14546,347.7116,357.6801
Head,61.12,0.026068,1.60706,-7.846849,14.18691,346.6329,357.8476
Head,61.34,0.02234551,1.605907,-7.845496,14.68875,345.7401,357.9638
Head,61.58,0.02190158,1.607788,-7.846801,14.20862,345.6712,358.3742
Head,61.8,0.02032071,1.610545,-7.852594,13.92243,345.6192,358.6952
Head,62.04,0.02159688,1.612537,-7.857863,13.92573,346.4075,358.0056
Head,62.26,0.01923716,1.614897,-7.865895,14.54172,345.8716,357.394
Head,62.5,0.01872817,1.620991,-7.874959,12.99186,347.2033,357.9945
Head,62.72,0.02088872,1.62744,-7.884696,12.52308,349.3551,355.9404
Head,62.94,0.0265798,1.627518,-7.89195,15.17357,353.3029,352.8523
Head,63.18,0.02506307,1.622871,-7.893724,21.45566,351.3619,352.2306
Head,63.4,0.01206297,1.610869,-7.865781,41.33103,347.1972,350.813
Head,63.64,-0.007172613,1.575907,-7.80569,65.76437,327.471,335.9356
Head,63.88,-0.02131706,1.514704,-7.773878,71.35355,301.5087,311.945
Head,64.1,-0.02499568,1.482047,-7.78639,66.22637,315.4629,324.8866
Head,64.32,-0.03018004,1.451792,-7.802316,62.24909,322.0928,328.4568
Head,64.56,-0.03353682,1.409679,-7.801805,56.14806,340.3765,340.8851
Head,64.78,-0.0361487,1.375999,-7.799901,52.34035,336.8629,332.7889
Head,65,-0.02604413,1.364604,-7.805639,52.98915,341.8082,341.0062
Head,65.24,-0.02364907,1.330811,-7.812392,49.41172,332.8409,327.6971
Head,65.46,-0.01533344,1.289748,-7.817201,47.92467,331.4189,322.6708
Head,65.7,-0.0380581,1.260153,-7.83216,46.69814,328.3075,307.5782
Head,65.92,-0.04083776,1.251432,-7.827021,42.69905,320.938,307.1879
Head,66.16,-0.02676809,1.247082,-7.819339,43.90518,320.6958,316.1529
Head,66.38,-0.02060771,1.247721,-7.824748,49.33996,312.0248,318.7038
Head,66.62,-0.0134846,1.242948,-7.831019,47.51365,296.6346,315.6641
Head,66.84,-0.0109269,1.245952,-7.843086,49.27359,306.1933,316.684
Head,67.08,-0.007955103,1.240766,-7.844485,50.41397,299.3711,316.1375
Head,67.3,-0.02395824,1.238429,-7.848385,47.0117,298.418,313.4584
Head,67.52,-0.02072477,1.24407,-7.845538,47.08545,295.692,314.7703
Head,67.76,-0.01307762,1.246041,-7.847928,48.98884,296.1435,315.1521
Head,67.98,-0.01780048,1.242199,-7.847624,48.63094,296.2085,315.4099
Head,68.22,-0.02238929,1.243771,-7.847164,48.28883,296.7808,314.8896
Head,68.43999,-0.0150272,1.24618,-7.838994,51.26653,295.3263,320.3615
Head,68.68,-0.01678291,1.243883,-7.835969,58.58783,312.7818,335.7959
Head,68.9,-0.01461756,1.226646,-7.829883,63.16291,350.8325,14.27408
Head,69.14,0.006137431,1.209161,-7.816512,50.15863,49.27483,53.80162
Head,69.36,0.01434177,1.219878,-7.822824,50.74622,47.34815,52.35172
Head,69.58,-0.007041573,1.222798,-7.844372,59.45035,40.17519,50.62561
Head,69.82,-0.01916388,1.22532,-7.847112,60.53961,49.93748,50.31593
Head,70.04,-0.0003080666,1.22619,-7.837523,56.02106,38.94215,45.72871
Head,70.28,0.002869487,1.230978,-7.831388,59.0335,32.69695,37.7196
Head,70.5,0.0006994903,1.231625,-7.836399,64.12622,16.58958,25.3032
Head,70.74,0.001217872,1.230768,-7.836874,65.6346,5.207928,16.31505
Head,70.96,0.0001444817,1.221014,-7.835314,63.07245,2.351592,7.759236
Head,71.2,-0.03494197,1.250702,-7.843349,62.1356,19.87386,12.44671
Head,71.42,-0.08227971,1.27266,-7.851149,65.50765,54.87326,12.80271
Head,71.66,-0.1014699,1.281946,-7.84796,61.49594,77.03655,25.63762
Head,71.88,-0.1020108,1.280229,-7.841462,56.54983,80.10279,27.40684
Head,72.1,-0.1062496,1.283677,-7.841588,57.63138,75.47762,25.87154
Head,72.34,-0.09218401,1.27678,-7.838694,64.18435,67.78152,20.17782
Head,72.58,-0.07606959,1.266694,-7.840336,61.03966,81.48835,25.18787
Head,72.8,-0.06831983,1.258122,-7.840581,60.72076,83.90989,21.66284
Head,73.02,-0.06955445,1.255311,-7.83665,59.48555,85.10285,25.29237
Head,73.26,-0.06927422,1.258872,-7.836172,54.2554,86.65076,26.7338
Head,73.48,-0.06166005,1.260411,-7.838002,50.22494,89.01652,27.48241
Head,73.72,-0.05605817,1.257338,-7.843134,52.1011,88.42564,28.27147
Head,73.93999,-0.05424666,1.257101,-7.846578,50.70428,89.71301,28.54907
Head,74.16,-0.05417305,1.252216,-7.847528,50.18303,91.46563,30.4493
Head,74.4,-0.05749589,1.251137,-7.848535,50.73484,90.68445,30.66409
Head,74.64,-0.05919504,1.249012,-7.849365,51.08203,90.72069,30.78261
Head,74.86,-0.05957547,1.251966,-7.849878,49.68456,89.82402,29.5172
Head,75.08,-0.07107499,1.254494,-7.848742,52.96939,83.36815,25.46328
Head,75.32,-0.08427078,1.253878,-7.846663,53.97845,76.91717,24.90925
Head,75.54,-0.08708912,1.264002,-7.849021,41.3846,80.81554,25.63493
Head,75.78,-0.08882487,1.264228,-7.844533,46.4094,79.92974,23.42294
Head,76,-0.0816958,1.257796,-7.835719,46.92464,73.07264,11.00098
Head,76.22,-0.04594293,1.252383,-7.828164,37.56854,51.69901,12.24496
Head,76.46,-0.02597618,1.258555,-7.836041,34.57526,53.30035,14.20454
Head,76.7,-0.01666433,1.273578,-7.829793,29.64331,52.3424,5.042977
Head,76.92,-0.006234556,1.257495,-7.834764,32.49633,42.80707,9.157417
Head,77.16,0.01113907,1.225077,-7.808041,19.4384,26.1343,6.957344
Head,77.38,0.02941069,1.198102,-7.76408,6.327443,12.07519,5.022531
Head,77.62,0.02326086,1.187722,-7.778293,16.99334,12.34584,0.5236031
Head,77.84,0.03018266,1.162251,-7.774644,9.841812,8.960726,3.450821
Head,78.06,0.03336877,1.134316,-7.779741,0.2263034,3.629617,6.224647
Head,78.3,0.0353353,1.139814,-7.778644,5.460963,3.166376,2.759389
Head,78.54,0.03302217,1.137899,-7.780074,2.248286,4.785162,3.206168
Head,78.75999,0.02472058,1.086305,-7.755134,28.16347,355.7511,0.2428466
Head,79.08,0.4360134,1.675964,-7.493552,15.34469,272.8492,359.078
Head,79.3,-0.001463998,1.592293,-7.840208,18.6086,356.0372,354.9754
Head,79.52,0.0017558,1.585815,-7.834186,19.54841,357.0456,354.062
Head,79.74,-0.001014616,1.586428,-7.825528,18.57336,356.7062,356.3247
Head,79.96,-0.004020121,1.584204,-7.822258,19.0691,355.2159,355.231
Head,80.2,-0.007793411,1.581281,-7.823009,19.3526,353.0586,353.8953
Head,80.42,-0.01114882,1.58287,-7.825987,19.18104,352.4873,353.8927
Head,80.66,-0.01255611,1.584504,-7.827105,18.63649,353.1359,354.6364
Head,80.88,-0.01277268,1.58212,-7.826865,20.1569,352.6055,353.9466
Head,81.12,-0.01223145,1.582957,-7.825465,19.51402,353.561,355.2957
Head,81.34,-0.01138481,1.592816,-7.828949,17.65518,357.6921,0.8820508
Head,81.58,-0.008868944,1.606697,-7.835187,14.04778,0.08439376,2.515511
Head,81.8,-0.01416296,1.609088,-7.835312,14.07209,356.1491,2.20327
Head,82.04,-0.01561611,1.608002,-7.836847,14.10028,355.7009,0.8748252
Head,82.25999,-0.01414812,1.60853,-7.838834,14.87939,355.5664,359.7025
Head,82.5,-0.008215147,1.613145,-7.8453,15.65125,359.5479,357.9873
Head,82.72,0.002628703,1.624152,-7.851777,13.95225,7.476082,356.5999
Head,82.93999,0.007785399,1.628417,-7.856496,12.31107,12.02983,356.7705
Head,83.16,0.003428881,1.63237,-7.862192,11.88729,12.66873,356.0464
Head,83.4,-0.000206057,1.632305,-7.861715,11.77661,12.9763,356.5707
Head,83.64,-0.002026297,1.631259,-7.861619,12.03727,12.1434,356.7549
Head,83.86,-0.001753539,1.631208,-7.860301,12.17655,12.2652,356.3513
Head,84.1,0.0005010366,1.630235,-7.858963,12.16823,12.40919,356.2803
Head,84.34,0.0007228777,1.631593,-7.859285,11.52248,11.17206,355.9091
Head,84.56,0.0004456863,1.634655,-7.860077,9.494732,9.111737,355.7007
Head,84.8,-0.001002409,1.639879,-7.862993,7.249852,7.316143,355.6128
Head,85.02,-0.0008341409,1.64587,-7.865986,5.145777,8.130783,357.2682
Head,85.25999,0.002748779,1.649975,-7.873107,3.273576,7.850435,354.4466
Head,85.48,0.004027583,1.647156,-7.880208,7.026421,10.59678,0.2378093
Head,85.72,0.001112983,1.652591,-7.87956,4.56825,9.902451,356.3934
Head,85.93999,-0.001832563,1.653948,-7.884545,3.516617,9.357456,357.0215
Head,86.18,-0.002967417,1.651298,-7.888882,2.390882,10.67641,358.02
Head,86.4,-0.003628398,1.652294,-7.887113,1.171396,12.40593,355.8557
Head,86.64,-0.004546545,1.650794,-7.891398,2.511369,13.49421,357.0031
Head,86.86,-0.009018816,1.648914,-7.894615,3.549494,12.82143,357.0602
Head,87.1,-0.01225301,1.647728,-7.896103,4.193843,11.73412,356.1859
Head,87.32,-0.01279201,1.644762,-7.897792,5.274221,10.99894,357.2159
Head,87.56,-0.01104418,1.644723,-7.900864,5.856456,11.89118,357.3567
Head,87.78,-0.008860701,1.645849,-7.903705,6.474011,13.79015,357.137
Head,88,-0.008122019,1.648504,-7.90671,3.994,13.97577,357.5011
Head,88.24,-0.00728057,1.650124,-7.908519,2.907424,13.61819,357.6523
Head,88.46,-0.005975947,1.655834,-7.911371,359.1118,15.44265,357.9872
Head,88.7,-0.00790845,1.660039,-7.916584,356.392,17.40566,358.913
Head,88.92,-0.01166235,1.661433,-7.915133,355.334,15.63315,358.2856
Head,89.16,-0.01323805,1.661915,-7.910717,354.3802,14.08103,358.6294
Head,89.38,-0.009228505,1.658131,-7.904339,355.3483,15.58714,359.6705
Head,89.62,0.0008447766,1.658982,-7.902564,353.4721,22.06784,359.9532
Head,89.84,0.006320168,1.661086,-7.909716,353.1477,28.64405,0.8869337
Head,90.06,0.002052132,1.658963,-7.909777,354.9152,24.7539,1.506951
Head,90.28,-0.003606141,1.657212,-7.908418,356.4019,21.10822,1.662623
Head,90.5,-0.005110983,1.656728,-7.907777,356.8688,20.0632,1.287772
Head,90.72,-0.004764728,1.655317,-7.90725,357.8419,19.39618,1.120819
Head,90.93999,-0.004534949,1.652631,-7.906923,359.9407,17.95487,1.73035
Head,91.18,-0.004688893,1.651584,-7.90957,0.720915,17.39989,2.595757
Head,91.4,-0.008506822,1.650792,-7.907195,359.5208,15.08333,3.216981
Head,91.62,-0.01108294,1.650696,-7.905279,359.1039,13.94019,3.325928
Head,91.86,-0.0127355,1.649944,-7.906059,357.9123,13.47716,3.28888
Head,92.07999,-0.01319989,1.650335,-7.904924,358.4126,13.66249,2.315924
Head,92.32,-0.01156554,1.646263,-7.897942,1.186216,12.6959,1.012395
Head,92.54,-0.007734474,1.647179,-7.899712,1.783943,15.12328,1.270796
Head,92.78,-0.007524874,1.649984,-7.904091,1.386232,17.1452,1.297856
Head,93,-0.00564935,1.649449,-7.906483,1.207982,17.77763,1.439188
Head,93.24,-0.008857421,1.64905,-7.905642,1.173657,17.02258,1.89496
Head,93.46,-0.01369785,1.651163,-7.909534,0.8688855,16.57121,2.677985
Head,93.7,-0.01343723,1.650068,-7.907515,359.8567,15.68075,2.13388
Head,93.92,-0.01585452,1.649696,-7.909482,359.3733,15.62543,2.27819
Head,94.14,-0.01750413,1.653885,-7.912202,357.9642,15.428,1.771351
Head,94.38,-0.02152739,1.660109,-7.918633,355.1537,14.2046,2.089137
Head,94.6,-0.02255304,1.662141,-7.925817,355.2534,14.1482,2.034409
Head,94.84,-0.02714089,1.66419,-7.930416,355.2264,13.41509,2.491106
Head,95.06,-0.03224875,1.665123,-7.930807,355.498,11.8672,2.715013
Head,95.3,-0.03441128,1.666002,-7.930227,355.7341,11.61233,3.031129
Head,95.52,-0.03467877,1.667425,-7.930352,355.6986,11.07653,3.204669
Head,95.75999,-0.03549245,1.6692,-7.928153,355.6757,9.761852,3.763404
Head,95.98,-0.0372968,1.667419,-7.924062,356.5751,8.711142,4.031485
Head,96.22,-0.03738613,1.66738,-7.923355,356.8235,9.041191,4.011419
Head,96.43999,-0.03794089,1.667369,-7.926416,356.6942,9.160416,4.350989
Head,96.68,-0.03825009,1.668002,-7.929223,356.5436,9.163857,4.620882
Head,96.9,-0.03899534,1.668951,-7.925293,355.8477,8.300992,4.745221
Head,97.12,-0.03951669,1.670098,-7.919369,355.5687,6.775201,4.79985
Head,97.36,-0.0406209,1.671331,-7.919959,355.3321,6.077486,5.197319
Head,97.57999,-0.04480683,1.670159,-7.92557,355.9738,5.931536,5.588234
Head,97.8,-0.0471034,1.670408,-7.928916,355.9746,6.098893,5.780484
Head,98.02,-0.04745397,1.667962,-7.930691,356.7166,6.471941,5.903124
Head,98.24,-0.04474454,1.667474,-7.932142,356.8867,6.685298,5.661923
Head,98.46,-0.04127899,1.66752,-7.932933,356.9992,7.550375,5.407219
Head,98.68,-0.04079292,1.667854,-7.936112,356.8269,7.59745,5.397984
Head,98.92,-0.04085385,1.667572,-7.936121,356.8983,7.396067,5.401964
Head,99.14,-0.04002003,1.666206,-7.93525,357.4894,7.324049,5.089389
Head,99.38,-0.03868429,1.66568,-7.933658,357.6732,6.965806,4.928331
Head,99.6,-0.03708447,1.665075,-7.932411,358.0193,7.143206,4.606805
Head,99.82,-0.03805944,1.665571,-7.933276,357.9044,7.006935,4.625711
Head,100.06,-0.03855263,1.666113,-7.933997,357.8126,6.821377,4.874856
Head,100.28,-0.03895926,1.665694,-7.933336,358.1967,6.308671,4.761076
Head,100.52,-0.03848249,1.667387,-7.927467,357.6679,5.459946,4.910492
Head,100.74,-0.03555369,1.668915,-7.911601,357.3459,5.547538,4.833335
Head,100.98,-0.03110191,1.668818,-7.885555,356.3365,5.212214,4.617867
Head,101.2,-0.02597116,1.665983,-7.875819,357.2888,7.043401,4.485755
Head,101.44,-0.02804062,1.668908,-7.88868,355.2784,7.00472,5.045055
Head,101.66,-0.03078821,1.671229,-7.902862,354.6103,7.000127,4.952099
Head,101.9,-0.03266598,1.670325,-7.908379,355.2449,7.327916,5.062313
Head,102.12,-0.03299375,1.669406,-7.910007,355.78,7.235314,4.981402
Head,102.36,-0.03205407,1.669409,-7.911075,355.9328,7.323108,4.905392
Head,102.58,-0.03125533,1.669323,-7.911733,355.9879,6.981816,4.929053
Head,102.8,-0.02918106,1.668835,-7.911119,356.3897,7.425878,4.643846
Head,103.04,-0.02715765,1.668396,-7.912552,356.7612,7.609794,4.403531
Head,103.26,-0.02623295,1.668429,-7.914783,356.8145,7.643926,4.381001
Head,103.5,-0.02648342,1.668527,-7.917506,356.8006,7.723559,4.395429
Head,103.72,-0.02728505,1.66841,-7.919129,357.0393,7.544416,4.449602
Head,103.96,-0.02773605,1.668121,-7.91853,357.0789,7.595229,4.575092
Head,104.18,-0.02823877,1.668939,-7.91531,356.5496,7.394831,4.715738
Head,104.42,-0.02929956,1.670443,-7.912104,355.2751,6.763075,4.922756
Head,104.64,-0.02983324,1.672899,-7.905276,354.748,5.715811,5.056345
Head,104.88,-0.03375205,1.672298,-7.877545,355.1712,3.775499,6.051898
Head,105.1,-0.04000925,1.668645,-7.872689,356.7988,4.940135,6.57643
Head,105.32,-0.04269954,1.668215,-7.878006,356.8015,4.741805,6.835246
Head,105.56,-0.04170654,1.66844,-7.876065,356.566,4.968338,6.639706
Head,105.78,-0.04005058,1.66827,-7.877351,356.6335,5.555476,6.521706
Head,106.02,-0.03810658,1.668748,-7.88378,356.6091,6.159593,6.551531
Head,106.24,-0.0372752,1.668843,-7.893477,356.6326,6.809302,6.635371
Head,106.48,-0.03338999,1.668178,-7.902925,357.0587,7.849132,6.409014
Head,106.7,-0.02840444,1.668261,-7.906595,356.9751,7.828244,6.173255
Head,106.94,-0.02396096,1.668195,-7.907063,357.2054,7.845213,5.859906
Head,107.16,-0.02272308,1.667463,-7.906797,357.5619,8.106519,5.595201
Head,107.38,-0.02248415,1.667088,-7.906183,357.7817,7.814046,5.63585
Head,107.62,-0.02110979,1.665625,-7.90468,358.5031,8.105366,5.512095
Head,107.84,-0.01975362,1.665125,-7.904116,358.7839,8.166887,5.459655
Head,108.08,-0.01906732,1.6645,-7.904757,359.069,8.227913,5.367154
Head,108.3,-0.01808534,1.6634,-7.903223,359.5613,8.251109,5.200222
Head,108.54,-0.01739711,1.66367,-7.902254,359.3037,8.234682,4.915258
Head,108.76,-0.01622528,1.661024,-7.904799,0.9237069,8.981874,5.068976
Head,109,-0.01589344,1.65881,-7.905904,2.053141,8.816283,5.719957
Head,109.22,-0.01554808,1.659433,-7.907364,1.865774,8.875922,5.584154
Head,109.46,-0.01676759,1.659332,-7.908876,1.775847,8.811422,5.595816
Head,109.68,-0.01744497,1.660002,-7.912102,1.346774,9.344444,5.508831
Head,109.92,-0.01790706,1.660435,-7.913746,1.114645,9.257312,5.496609
Head,110.14,-0.01830608,1.659722,-7.915442,1.500986,9.293267,5.530342
Head,110.36,-0.01901682,1.659921,-7.91842,1.485944,9.43981,5.536569
Head,110.6,-0.02101945,1.660147,-7.919874,1.388903,9.102362,5.813461
Head,110.82,-0.01968761,1.659168,-7.917457,1.741529,8.999305,5.560521
Head,111.06,-0.01889069,1.658476,-7.916037,2.172771,9.014179,5.468184
Head,111.28,-0.0183528,1.657277,-7.913846,2.972413,8.973372,5.415676
Head,111.52,-0.01731271,1.65542,-7.911412,4.07798,9.286117,5.573602
Head,111.74,-0.01686645,1.653825,-7.909028,4.749011,9.231303,5.612676
Head,111.98,-0.01583476,1.653151,-7.907076,5.136588,9.354959,5.582728
Head,112.2,-0.0150471,1.652903,-7.907216,5.167873,9.383208,5.483047
Head,112.42,-0.01390558,1.653302,-7.909076,5.021478,9.537164,5.339893
Head,112.66,-0.01427045,1.654156,-7.911601,4.628021,9.512783,5.251314
Head,112.88,-0.01435538,1.654793,-7.913654,4.327306,9.833179,5.218551
Head,113.12,-0.01469591,1.655536,-7.914882,3.847949,9.776797,4.993706
Head,113.34,-0.014008,1.656601,-7.915967,3.240269,9.781373,4.540883
Head,113.58,-0.0123944,1.656373,-7.915945,3.393404,9.668299,4.190119
Head,113.8,-0.01007149,1.656088,-7.915884,3.505566,9.624264,3.757124
Head,114.04,-0.01009958,1.655486,-7.914676,3.640895,9.420449,3.655873
Head,114.26,-0.01091495,1.655377,-7.914102,3.705881,9.447985,3.756161
Head,114.5,-0.01129687,1.655994,-7.915682,3.767825,9.568614,3.936044
Head,114.72,-0.01054321,1.658795,-7.915807,2.770951,10.58969,3.71318
Head,114.96,-0.009161819,1.659824,-7.91837,2.185934,11.23292,3.74213
Head,115.18,-0.00753773,1.658987,-7.920581,2.511063,11.25403,3.767649
Head,115.42,-0.006089211,1.657706,-7.919239,3.09762,11.54484,3.725313
Head,115.64,-0.003385659,1.65573,-7.916452,3.834683,13.10005,3.687329
Head,115.86,-0.001077097,1.653542,-7.918383,5.084618,14.90242,4.191362
Head,116.1,0.001952201,1.649897,-7.918396,7.164824,16.00596,4.231769
Head,116.32,0.002272859,1.649816,-7.919039,7.259491,16.55413,4.306848
Head,116.56,0.002177745,1.649735,-7.920574,7.139226,16.88275,4.266632
Head,116.78,0.001471937,1.651107,-7.922704,6.36583,16.47151,4.041244
Head,117.02,0.0001391284,1.652252,-7.925254,5.787071,16.13844,3.792512
Head,117.24,-0.002032321,1.653656,-7.927155,5.074198,16.04103,3.883974
Head,117.46,-0.002943184,1.654337,-7.929032,4.871591,16.56182,3.917695
Head,117.7,-0.005564563,1.655129,-7.929788,4.515483,16.1225,4.31881
Head,117.92,-0.004436292,1.654404,-7.930713,4.787446,17.02583,4.30056
Head,118.16,-0.001395758,1.653792,-7.930068,4.964846,18.01747,4.082447
Head,118.38,-0.0008313097,1.652791,-7.928147,5.43827,17.44703,4.015128
Head,118.62,0.0003397353,1.652035,-7.92696,5.847292,17.46959,3.800259
Head,118.84,0.004003789,1.652497,-7.927125,5.537066,20.12707,4.126951
Head,119.08,0.007120568,1.652163,-7.930091,6.052274,23.30125,4.506651
Head,119.3,0.004810873,1.652054,-7.929843,6.174857,21.05457,4.389465
Head,119.54,0.001003128,1.653575,-7.931061,5.381217,20.00489,4.420969
Head,119.76,-0.003337301,1.655125,-7.933311,4.624227,18.90656,4.341352
Head,120,-0.007274347,1.656101,-7.933439,4.012764,17.58512,4.441851
Head,120.22,-0.009355499,1.656697,-7.931286,3.633025,16.33564,4.35086
Head,120.44,-0.01054729,1.656333,-7.932028,3.812102,16.5131,4.459742
Head,120.68,-0.01035814,1.6562,-7.931248,3.924309,16.66324,4.701417
Head,120.9,-0.008235518,1.654979,-7.928233,4.301334,16.60672,4.478709
Head,121.14,-0.005870145,1.654295,-7.925102,4.59435,16.64595,4.199356
Head,121.36,-0.004613873,1.653728,-7.92396,4.850247,17.01237,4.192492
Head,121.6,-0.004487664,1.654056,-7.925319,4.754113,16.94967,4.152896
Head,121.82,-0.004596897,1.654968,-7.925748,4.567385,16.31218,4.008979
Head,122.06,-0.004528765,1.654386,-7.927198,4.840023,16.91871,4.19032
Head,122.28,-0.004394936,1.654297,-7.927695,4.845523,16.87007,4.250488
Head,122.52,-0.002371531,1.654922,-7.927241,4.616901,18.9559,4.466113
Head,122.74,-0.00107583,1.654791,-7.926077,4.463336,20.19997,4.777668
Head,122.96,-0.0004328676,1.656457,-7.925426,3.182577,22.08227,5.502339
Head,123.2,-0.002274949,1.656625,-7.924644,2.999552,21.7179,5.676063
Head,123.42,-0.004622282,1.656172,-7.924514,3.129317,20.73627,5.795261
Head,123.66,-0.005900179,1.656418,-7.925364,3.117364,19.95932,5.494469
Head,123.88,-0.00603297,1.655996,-7.925879,3.220885,19.45723,5.441637
Head,124.12,-0.005722187,1.656363,-7.925805,3.10168,19.07479,5.247318
Head,124.34,-0.006646429,1.656033,-7.925973,3.396288,18.82607,5.359019
Head,124.58,-0.007468597,1.655357,-7.926634,3.691901,18.85756,5.436398
Head,124.8,-0.007002166,1.655564,-7.925205,3.571098,18.94703,5.439787
Head,125.02,-0.005405497,1.656023,-7.923641,3.260626,20.19815,5.579061
Head,125.26,-0.00304202,1.655884,-7.923489,3.237896,22.21495,5.740156
Head,125.48,-0.001815639,1.655367,-7.923236,3.644101,22.34766,5.697742
Head,125.72,-0.001796558,1.655382,-7.922753,3.579053,22.04082,5.727582
Head,125.94,-0.002517708,1.655248,-7.923404,3.70748,21.60869,5.784438
Head,126.18,-0.003868837,1.654999,-7.923176,3.697384,20.96789,5.675453
Head,126.4,-0.005387715,1.654474,-7.92235,3.815421,20.72446,5.84743
Head,126.64,-0.005835897,1.653912,-7.921838,4.179889,20.56461,5.905324
Head,126.86,-0.005784363,1.653256,-7.921146,4.508155,20.36963,6.00318
Head,127.08,-0.006608967,1.653046,-7.920004,4.739199,19.69924,6.0141
Head,127.32,-0.008728049,1.653137,-7.920731,4.761895,19.31099,6.413669
Head,127.54,-0.01015321,1.652994,-7.920079,4.810429,18.58494,6.452384
Head,127.78,-0.009778873,1.652134,-7.917593,5.202976,18.46748,6.52227
Head,128,-0.01027133,1.651438,-7.91601,5.517941,18.34138,6.740868
Head,128.24,-0.01177918,1.650749,-7.916039,5.783628,18.3678,6.891945
Head,128.46,-0.01229647,1.650625,-7.914669,5.845875,18.02209,6.737592
Head,128.7,-0.01219233,1.650668,-7.914392,5.801755,18.33598,6.917736
Head,128.92,-0.01144615,1.650713,-7.914896,5.829152,18.74914,6.84121
Head,129.16,-0.01100028,1.651018,-7.915339,5.783909,18.79003,6.785998
Head,129.38,-0.0107522,1.651088,-7.91585,5.856735,18.78357,6.809306
Head,129.6,-0.01133089,1.650998,-7.916333,5.870128,18.95822,6.844691
Head,129.84,-0.01219225,1.651244,-7.916567,5.752366,19.05036,6.930722
Head,130.06,-0.01252981,1.651333,-7.916509,5.716083,18.87158,7.006255
Head,130.3,-0.01259305,1.650989,-7.915304,5.799567,18.93197,6.99629
Head,130.52,-0.01244304,1.650712,-7.914422,5.904092,18.99248,7.027816
Head,130.76,-0.01017135,1.649641,-7.912432,6.232548,19.1047,6.832432
Head,130.98,-0.007899939,1.649383,-7.910473,6.321587,19.48564,6.960201
Head,131.22,-0.005618591,1.648608,-7.910386,6.731528,20.67015,7.035374
Head,131.44,-0.007331328,1.648495,-7.910758,6.828313,20.99086,7.411633
Head,131.68,-0.01234152,1.649077,-7.910805,6.585415,20.21604,7.673813
Head,131.9,-0.01673589,1.649921,-7.911267,5.913123,19.65217,7.875107
Head,132.14,-0.0149641,1.650926,-7.912491,5.653081,20.31516,7.611978
Head,132.36,-0.01310205,1.652768,-7.916003,4.765951,21.35332,7.340831
Head,132.58,-0.01235718,1.654146,-7.918297,4.163469,20.84166,7.047398
Head,132.82,-0.01065172,1.654511,-7.916978,3.854299,21.24332,6.860007
Head,133.04,-0.009976298,1.653602,-7.916058,4.443009,21.73403,6.917697
Head,133.28,-0.009730876,1.65339,-7.916104,4.560353,21.73434,6.950897
Head,133.5,-0.01114163,1.653569,-7.918295,4.515291,21.04236,6.907307
Head,133.74,-0.01145343,1.653366,-7.917562,4.815878,20.57966,6.905733
Head,133.96,-0.01167496,1.65349,-7.918536,4.957409,21.31287,7.034416
Head,134.2,-0.01215952,1.653557,-7.918157,4.968307,20.91492,7.081991
Head,134.42,-0.01229104,1.65347,-7.917284,5.035516,20.41087,6.962983
Head,134.66,-0.01218378,1.653732,-7.917017,5.145732,20.49882,6.884553
Head,134.88,-0.01270421,1.653974,-7.917716,5.048612,20.5649,7.176507
Head,135.1,-0.0133843,1.653827,-7.918993,5.11889,20.81555,7.175227
Head,135.34,-0.01241086,1.652885,-7.9186,5.684721,21.2034,7.288007
Head,135.56,-0.008628012,1.652053,-7.916927,6.076284,22.27522,7.118069
Head,135.8,-0.004885297,1.651397,-7.915173,6.282389,24.41659,7.197009
Head,136.02,-0.003207445,1.651475,-7.915736,6.056406,26.15591,7.598881
Head,136.26,-0.005290383,1.651967,-7.917291,5.942009,25.22179,7.168758
Head,136.48,-0.006601524,1.652531,-7.919151,5.806304,26.44416,7.61633
Head,136.72,-0.005781868,1.652217,-7.919617,6.008005,26.05921,7.597245
Head,136.94,-0.004236326,1.651948,-7.920206,5.991535,25.74257,7.318462
Head,137.16,-0.007745527,1.654674,-7.921121,4.854824,23.91667,6.63068
Head,137.4,-0.01365531,1.656972,-7.923313,4.150564,23.04821,6.979264
Head,137.64,-0.01567202,1.6567,-7.925229,4.470907,23.1196,7.277375
Head,137.86,-0.0117987,1.651558,-7.92106,7.267851,23.73083,7.515298
Head,138.08,-0.007937115,1.646292,-7.912781,10.6854,22.52252,7.58176
Head,138.32,-0.007467836,1.645884,-7.907971,11.38951,19.42872,6.867329
Head,138.54,-0.01253021,1.64923,-7.91102,10.85213,12.61122,6.105078
Head,138.78,-0.01037221,1.65861,-7.914456,4.697158,12.69589,1.929988
Head,139,-0.008610275,1.656101,-7.923573,6.426687,16.38978,0.1958807
Head,139.22,-0.00997287,1.660565,-7.923704,3.797497,16.3619,3.49714
Head,139.46,-0.009409703,1.656619,-7.925626,4.225079,17.05421,3.92641
Head,139.68,-0.01017416,1.658437,-7.927359,3.612791,17.1638,3.502978
Head,139.92,-0.01049058,1.659414,-7.927271,3.183034,16.8978,3.218356
Head,140.14,-0.01219695,1.660269,-7.927795,3.032868,16.84291,3.892549
Head,140.38,-0.01361249,1.660349,-7.928244,3.082188,16.85158,4.28073
Head,140.6,-0.01314818,1.659946,-7.927971,3.269476,16.84214,4.349678
Head,140.84,-0.01402851,1.659935,-7.927224,3.284519,16.28266,4.517447
Head,141.06,-0.01599857,1.659627,-7.926403,3.562295,15.5774,4.767426
Head,141.3,-0.01815078,1.658951,-7.924357,3.790466,15.07569,5.181597
Head,141.52,-0.01805048,1.657665,-7.921509,4.161957,15.12402,5.335072
Head,141.76,-0.01506292,1.656806,-7.920389,4.39551,16.14946,5.725591
Head,141.98,-0.008972638,1.657023,-7.924523,4.130545,21.9759,5.979423
Head,142.2,0.004035495,1.659737,-7.943513,2.905892,33.1935,6.219697
Head,142.44,0.01160862,1.664249,-7.976818,0.4160246,39.80526,4.740499
Head,142.66,0.008935876,1.667315,-8.003174,358.6689,45.95584,4.55765
Head,142.88,-0.002598442,1.673104,-8.024659,354.3763,54.59735,4.78441
Head,143.12,-0.01828006,1.676674,-8.041294,350.8891,56.16263,5.296805
Head,143.36,-0.02677213,1.677058,-8.047138,349.8873,57.40695,4.782188
Head,143.58,-0.03249479,1.678154,-8.048754,349.6981,59.03666,4.993852
Head,143.8,-0.03845477,1.676646,-8.04926,349.8937,60.31987,4.717088
Head,144.04,-0.0396791,1.677341,-8.037374,350.2472,58.27122,5.220448
Head,144.26,-0.02753667,1.677821,-8.021954,351.1768,55.45086,5.967495
Head,144.5,-0.007615659,1.679848,-8.007755,351.8159,52.40347,6.550534
Head,144.72,0.007482406,1.680266,-7.997418,352.7554,49.17576,6.593523
Head,144.96,0.01546947,1.680462,-7.994084,353.2375,47.02327,6.541989
Head,145.18,0.01237579,1.679759,-7.995748,353.477,46.96959,6.97502
Head,145.42,0.01168845,1.678725,-7.996819,354.0116,47.40977,7.386179
Head,145.64,0.01149911,1.677511,-7.996427,354.7159,47.13636,7.543256
Head,145.86,0.01067088,1.676615,-7.993372,355.0877,47.02201,8.184275
Head,146.1,0.008663233,1.676496,-7.993753,355.0561,47.44637,8.491849
Head,146.32,0.007641457,1.676214,-7.995748,354.9754,47.51131,8.359579
Head,146.56,0.01071069,1.676039,-7.99338,354.8597,47.24475,8.787432
Head,146.78,0.02354342,1.678127,-7.980852,354.3618,45.28732,9.095255
Head,147.02,0.03284628,1.677186,-7.972799,354.9921,44.90082,8.943199
Head,147.24,0.02998412,1.675318,-7.976125,355.5783,45.56335,8.999085
Head,147.48,0.02753365,1.674796,-7.979774,355.7126,46.10565,9.113215
Head,147.7,0.02670974,1.674278,-7.983271,355.8845,46.58622,9.143211
Head,147.94,0.02464333,1.673869,-7.986226,356.042,47.11059,8.98061
Head,148.16,0.02173403,1.674053,-7.986197,355.9569,46.8852,8.945172
Head,148.38,0.02047974,1.673807,-7.986163,356.0774,47.07555,9.056683
Head,148.62,0.01964256,1.673657,-7.987016,356.1029,47.15497,9.023275
Head,148.84,0.01999073,1.673746,-7.988182,356.1195,47.22954,8.852688
Head,149.08,0.0212858,1.672641,-7.988483,356.6093,47.45004,8.731705
Head,149.3,0.02109038,1.669795,-7.987035,357.5334,46.41056,8.600272
Head,149.54,0.02218184,1.66863,-7.989404,357.9885,45.69807,7.479554
Head,149.76,0.0201155,1.668501,-7.990652,358.1689,46.611,7.450931
Head,150,0.0202403,1.667667,-7.987963,358.512,46.14706,7.183765
Head,150.22,0.02243818,1.66815,-7.981806,358.4726,47.09023,7.876138
Head,150.46,0.03633738,1.66493,-7.973203,359.1183,48.83757,8.419764
Head,150.68,0.07787593,1.66584,-7.933181,358.701,49.79632,7.063715
Head,150.9,0.08712371,1.668703,-7.917314,356.872,50.28876,7.368097
Head,151.14,0.07454278,1.673327,-7.914452,355.2192,49.80282,7.2841
Head,151.36,0.06167079,1.675145,-7.907316,354.0974,48.02113,7.846732
Head,151.6,0.05927469,1.675416,-7.89785,353.6872,47.70532,8.919662
Head,151.82,0.06054492,1.673198,-7.894536,354.5093,48.41852,9.662202
Head,152.06,0.05801631,1.673329,-7.899836,354.5657,49.56223,9.574815
Head,152.28,0.05751973,1.673302,-7.906401,354.7617,49.81454,8.970448
Head,152.52,0.06071141,1.672316,-7.907207,355.5629,49.96738,9.006932
Head,152.74,0.06496424,1.670742,-7.906753,356.4486,50.4119,9.29344
Head,152.96,0.06900686,1.669802,-7.908384,356.884,51.27971,9.009192
Head,153.2,0.0728,1.669173,-7.912098,357.2713,51.73107,8.473743
Head,153.44,0.07332802,1.668782,-7.91738,357.3449,52.43046,8.066854
Head,153.66,0.07108882,1.669414,-7.921161,357.092,52.5617,8.070494
Head,153.88,0.06715742,1.669506,-7.92304,357.0076,52.89408,8.147733
Head,154.12,0.06434795,1.669072,-7.927328,357.4229,53.99283,8.015574
Head,154.34,0.06515604,1.667635,-7.930347,358.2455,53.98216,7.519313
Head,154.58,0.07099803,1.665342,-7.933563,359.4526,55.75948,7.431642
Head,154.8,0.07459532,1.662393,-7.939565,0.6083708,58.29153,7.697439
Head,155.04,0.07280001,1.663084,-7.946233,0.2550766,58.60262,7.11025
Head,155.26,0.06915153,1.66311,-7.947986,0.1630104,58.2794,6.644644
Head,155.48,0.06674112,1.663796,-7.94875,359.947,57.96136,6.283216
Head,155.72,0.06733045,1.663682,-7.94966,0.05505817,58.10148,6.377201
Head,155.94,0.06809662,1.662897,-7.949986,0.3202851,58.31176,6.458782
Head,156.18,0.06797213,1.662691,-7.94833,0.449592,57.99792,6.494476
Head,156.4,0.06751271,1.6623,-7.946633,0.5901055,57.94851,6.69304
Head,156.64,0.06669519,1.66226,-7.945326,0.6142712,57.8676,6.905801
Head,156.86,0.06629601,1.662058,-7.943911,0.7427844,57.68793,6.979048
Head,157.1,0.06705762,1.661607,-7.944503,0.9218304,58.81108,7.488494
Head,157.32,0.06675708,1.661201,-7.944626,1.048459,58.23975,7.171906
Head,157.56,0.06565696,1.661498,-7.942565,1.011922,57.69405,7.218354
Head,157.78,0.06443779,1.661556,-7.941539,1.036959,57.75604,7.317273
Head,158,0.06245507,1.661712,-7.941207,1.001085,57.81797,7.638302
Head,158.24,0.06035368,1.66095,-7.94118,1.327045,58.32212,7.815331
Head,158.46,0.06229856,1.659366,-7.940498,2.020629,57.79975,7.250984
Head,158.7,0.06654252,1.658106,-7.941033,2.612809,58.17128,7.138649
Head,158.92,0.06334633,1.657859,-7.94484,2.902111,58.32899,6.733449
Head,159.16,0.05783901,1.658174,-7.947504,2.638263,58.7369,7.007414
Head,159.38,0.05294392,1.657888,-7.95018,2.648571,59.06961,7.184536
Head,159.62,0.04895777,1.657594,-7.951155,2.664317,58.97145,7.163427
Head,159.84,0.04779176,1.657324,-7.950983,2.786502,59.08649,7.349566
Head,160.08,0.04648969,1.658222,-7.950251,2.617368,58.68745,7.468946
Head,160.3,0.04986923,1.657454,-7.950927,2.721615,58.5261,7.09023
Head,160.52,0.0499769,1.656778,-7.952602,2.887488,59.0534,6.829262
Head,160.76,0.0509105,1.656664,-7.953037,2.791171,59.10812,6.806207
Head,160.98,0.05195002,1.65637,-7.95337,2.849377,59.0978,6.730397
Head,161.22,0.05182578,1.656219,-7.953188,2.908037,59.01206,6.764497
Head,161.44,0.05119497,1.656279,-7.953658,2.786024,58.99106,6.709323
Head,161.68,0.04802109,1.656424,-7.956,2.592652,59.0722,6.816071
Head,161.9,0.04677943,1.656106,-7.956497,2.50875,58.93022,6.935149
Head,162.14,0.04682574,1.656457,-7.95559,2.369723,58.5724,6.940607
Head,162.36,0.0472353,1.656459,-7.954671,2.445447,58.69547,7.082976
Head,162.6,0.04694168,1.66167,-7.955923,0.09341867,61.68983,7.257431
Head,162.82,0.04062315,1.666734,-7.969085,357.1317,72.78217,7.240556
Head,163.06,0.02840262,1.667215,-7.985318,355.8846,80.19285,7.244267
Head,163.28,0.0131296,1.668377,-8.001217,354.0682,86.56452,6.10783
Head,163.5,-0.006860916,1.671658,-8.013446,353.2825,89.08197,5.487097
Head,163.74,-0.02733101,1.669221,-8.028753,353.123,88.17912,6.194755
Head,163.96,-0.04023191,1.668217,-8.048545,352.9088,87.19051,7.489022
Head,164.2,-0.05125675,1.667415,-8.077904,353.1079,84.90239,7.194906
Head,164.42,-0.05947359,1.669762,-8.100022,352.3863,82.4906,5.158598
Head,164.64,-0.07041364,1.668768,-8.094206,352.0703,75.4992,6.992424
Head,164.88,-0.0741445,1.665056,-8.073006,353.3188,73.37524,7.625984
Head,165.12,-0.06740714,1.668146,-8.053569,353.0106,76.74442,6.963559
Head,165.34,-0.05413593,1.665897,-8.037756,354.2104,81.23447,7.175666
Head,165.56,-0.03747603,1.665683,-8.030943,354.5046,86.6939,7.982173
Head,165.8,-0.02774533,1.664657,-8.035481,354.736,90.68777,8.280518
Head,166.02,-0.02614972,1.664327,-8.036457,355.0381,90.37732,8.790369
Head,166.26,-0.02091141,1.662067,-8.030299,355.7999,88.87603,9.332661
Head,166.48,-0.01430718,1.661618,-8.02732,355.6942,88.07551,9.205227
Head,166.7,-0.009667609,1.660082,-8.025979,355.8218,87.03177,8.941866
Head,166.94,0.02228923,1.65697,-8.01771,357.3652,88.75114,8.179839
Head,167.16,0.05721353,1.654495,-8.010084,357.4633,88.69269,8.603828
Head,167.4,0.06758405,1.650212,-8.008715,358.8916,89.2877,8.380099
Head,167.62,0.07946396,1.651016,-8.00798,358.2383,90.96099,8.201565
Head,167.86,0.08478472,1.651165,-8.022626,358.6554,91.51821,8.427446
Head,168.08,0.08544017,1.652737,-8.038373,358.721,92.955,7.216545
Head,168.32,0.102915,1.649546,-8.043068,358.4059,94.10555,7.028612
Head,168.54,0.1436253,1.648287,-8.034342,357.6985,93.49711,6.539078
Head,168.78,0.1432131,1.649051,-8.039742,358.1643,93.59083,7.079703
Head,169,0.1170535,1.655488,-8.050989,356.5095,93.25388,6.457579
Head,169.24,0.09552025,1.656367,-8.056795,357.2138,93.51366,5.578657
Head,169.46,0.1144885,1.655673,-8.046099,358.0797,92.76675,5.401808
Head,169.68,0.1314157,1.657732,-8.045304,356.9074,91.38872,4.84893
Head,169.92,0.122357,1.662605,-8.054547,356.229,90.66476,4.854808
Head,170.14,0.1259763,1.66182,-8.062823,356.8157,91.44352,4.363783
Head,170.38,0.1765032,1.652211,-8.055483,357.6433,90.26846,4.014054
Head,170.6,0.2084275,1.64929,-8.043955,357.9665,86.08653,6.453962
Head,170.84,0.1977734,1.658256,-8.042235,357.7133,87.19426,6.642782
Head,171.06,0.1943398,1.663838,-8.047245,357.7159,89.85782,6.568423
Head,171.3,0.2003601,1.666072,-8.047109,357.4147,88.69562,6.514194
Head,171.52,0.1914424,1.664474,-8.044819,358.3515,89.74354,7.239335
Head,171.74,0.1758802,1.666166,-8.043239,357.6695,90.46169,7.703615
Head,171.98,0.1641164,1.666197,-8.047045,357.5989,92.45861,7.358109
Head,172.2,0.1589016,1.666414,-8.050783,357.4973,92.70495,7.716332
Head,172.44,0.1527099,1.666901,-8.053506,357.3919,92.35199,7.765375
Head,172.66,0.1476573,1.665685,-8.054377,357.8268,91.84253,7.947996
Head,172.9,0.1429654,1.667361,-8.05515,358.5156,91.98617,8.62289
Head,173.12,0.1311553,1.665041,-8.0587,358.9826,90.88342,8.189787
Head,173.36,0.1204821,1.660196,-8.059565,0.3057587,87.23447,8.232443
Head,173.58,0.1197603,1.662295,-8.058265,359.0806,77.71599,7.591613
Head,173.82,0.1080774,1.662434,-8.061038,359.046,71.26768,6.038022
Head,174.04,0.09051442,1.662473,-8.059958,358.7073,67.17789,6.3759
Head,174.28,0.07350101,1.659751,-8.061096,359.0089,65.88073,6.357311
Head,174.5,0.07520983,1.648725,-8.051785,1.613498,61.911,5.925874
Head,174.74,0.07643457,1.633364,-8.047235,5.686832,59.54209,4.441932
Head,174.96,0.07680324,1.631693,-8.043577,4.949858,58.26109,3.636655
Head,175.18,0.0742657,1.632266,-8.041973,5.016176,56.36005,2.788098
Head,175.42,0.06661554,1.634274,-8.049454,4.087847,54.94453,0.8361274
Head,175.64,0.05514061,1.627243,-8.054321,6.991881,53.30042,1.572029
Head,175.88,0.04104365,1.627308,-8.055863,5.398336,49.58181,358.3397
Head,176.1,0.03739808,1.626118,-8.05775,6.323268,50.03561,358.4425
Head,176.34,0.04327078,1.627077,-8.05789,4.305979,50.56762,357.8129
Head,176.56,0.04675553,1.627611,-8.061263,4.325037,50.46914,357.334
Head,176.8,0.04525694,1.629683,-8.062969,3.912027,50.35042,357.5767
Head,177.02,0.0403318,1.629847,-8.065525,5.727052,50.31013,359.3293
Head,177.26,0.03598338,1.634879,-8.07095,5.507116,49.73263,1.069199
Head,177.48,0.03625843,1.63261,-8.072663,5.981208,50.84015,1.959565
Head,177.7,0.03515917,1.63133,-8.070274,6.348034,50.56305,2.722293
Head,177.94,0.02944911,1.629982,-8.064049,6.701624,47.38438,3.753189
Head,178.16,0.03432764,1.629113,-8.057306,7.107775,44.2512,3.961974
Head,178.4,0.04638534,1.626734,-8.055042,8.00589,45.15706,3.547127
Head,178.62,0.05030893,1.630038,-8.060567,5.545655,51.28693,5.742488
Head,178.86,0.04932652,1.632532,-8.074723,2.429417,61.9629,8.39606
Head,179.08,0.04562457,1.631577,-8.077254,1.882311,63.06214,8.935479
Head,179.32,0.04135788,1.629082,-8.072846,2.509829,60.69272,8.898078
Head,179.54,0.03914751,1.628305,-8.070675,3.04127,59.484,8.388038
Head,179.76,0.03766204,1.626778,-8.069505,3.779404,58.91274,8.091143
Head,180,0.03318223,1.628777,-8.070704,3.605021,57.75819,7.48839
Head,180.22,0.02821958,1.630812,-8.069864,3.398128,56.23191,7.437856
Head,180.46,0.0272049,1.631485,-8.068783,3.684037,55.62899,6.92279
Head,180.68,0.02579985,1.630611,-8.068332,4.239901,55.74518,7.174671
Head,180.92,0.02361835,1.630437,-8.068855,4.245834,56.02282,7.463075
Head,181.14,0.02173351,1.630285,-8.07005,4.218097,56.04762,7.36165
Head,181.38,0.02136885,1.630554,-8.06908,4.10885,56.09432,7.578843
Head,181.6,0.02105057,1.632368,-8.070252,3.349686,57.07656,7.679043
Head,181.84,0.0201411,1.632215,-8.071874,3.207323,57.0303,7.592908
Head,182.06,0.01856411,1.632833,-8.072444,2.924463,56.68789,7.731404
Head,182.28,0.01845366,1.635531,-8.070674,3.421723,55.92033,6.443733
Head,182.52,0.01666292,1.639415,-8.068289,0.04997928,54.27925,7.650426
Head,182.74,0.01294344,1.639892,-8.066823,359.0462,52.26076,7.633045
Head,182.98,0.01082967,1.639928,-8.067834,358.8747,51.75856,7.349335
Head,183.2,0.009923898,1.640879,-8.068302,358.7144,50.16508,6.927362
Head,183.44,0.01144569,1.638926,-8.069486,359.2324,49.97114,6.717038
Head,183.66,0.01078126,1.638846,-8.068643,359.3673,49.64203,6.53005
Head,183.9,0.007813238,1.640047,-8.069243,359.1974,50.2183,6.905959
Head,184.12,0.00728786,1.640319,-8.06894,359.3905,49.77677,6.914411
Head,184.36,0.006915778,1.638801,-8.069559,359.9333,50.23733,7.010688
Head,184.58,0.005505636,1.638498,-8.06961,359.9215,50.23355,7.214576
Head,184.82,0.005751044,1.638592,-8.069875,359.77,52.0708,7.778677
Head,185.04,0.005805507,1.637549,-8.071028,359.914,52.32116,7.772115
Head,185.26,0.002951935,1.637572,-8.070168,359.8564,51.82869,7.554008
Head,185.5,-0.002113156,1.636698,-8.068297,359.6755,51.21011,8.016257
Head,185.72,-0.003056694,1.636913,-8.066512,359.809,49.61235,7.703326
Head,185.96,-0.001858361,1.635988,-8.065119,0.2571701,49.45539,7.706267
Head,186.18,0.0005060956,1.636397,-8.063981,0.3792038,48.76663,7.110104
Head,186.42,0.003195517,1.635996,-8.062283,0.8427667,48.46923,7.032582
Head,186.64,0.004881427,1.635931,-8.060665,1.082654,47.98433,6.911199
Head,186.88,0.006439216,1.635421,-8.060156,1.32418,48.1558,6.936973
Head,187.1,0.007163983,1.63482,-8.060242,1.490655,47.95596,6.903514
Head,187.34,0.007691789,1.634733,-8.060001,1.530002,47.9541,6.878034
Head,187.56,0.007591382,1.634242,-8.059173,1.618542,47.89301,6.987098
Head,187.78,0.009002399,1.63428,-8.057792,1.768721,47.77085,7.075676
Head,188.02,0.01067434,1.63363,-8.05956,1.995812,48.36179,6.877944
Head,188.24,0.01148735,1.633458,-8.060989,2.043647,48.35025,6.84055
Head,188.48,0.01059134,1.634876,-8.061398,2.217185,48.22065,7.163057
Head,188.7,0.009162825,1.6359,-8.062301,1.69111,47.93848,7.78135
Head,188.94,0.009194393,1.637114,-8.061872,1.469458,47.01192,7.319308
Head,189.16,0.01003943,1.63597,-8.061335,1.736279,47.07621,7.108704
Head,189.4,0.01095088,1.635539,-8.060898,1.865792,47.14653,7.268481
Head,189.62,0.01180306,1.635296,-8.060175,1.900699,46.37906,7.121922
Head,189.86,0.01206248,1.634169,-8.061141,2.033477,45.90042,6.935065
Head,190.08,0.01380289,1.633927,-8.061673,2.020604,45.51983,6.957185
Head,190.3,0.01611266,1.632728,-8.062301,2.544673,46.16226,7.103051
Head,190.54,0.01587369,1.632221,-8.064487,2.084311,46.19477,6.736782
Head,190.76,0.01511449,1.633196,-8.063975,1.797016,46.20696,6.879468
Head,191,0.01799005,1.6318,-8.063268,2.479102,46.38438,6.794298
Head,191.22,0.01646416,1.632061,-8.062981,2.374728,46.23859,6.821163
Head,191.46,0.01462955,1.633304,-8.063903,2.256911,46.1666,6.465548
Head,191.68,0.01596333,1.633146,-8.062613,2.717903,46.05955,6.60768
Head,191.92,0.01578082,1.632642,-8.060457,2.996282,45.93729,6.726657
Head,192.14,0.01389459,1.63229,-8.059277,3.090369,45.67554,6.985651
Head,192.36,0.01309464,1.631961,-8.060071,3.414895,45.81924,7.193077
Head,192.6,0.01359475,1.632179,-8.0599,3.294663,46.02486,7.175412
Head,192.82,0.01377528,1.63237,-8.062526,3.087596,46.77668,7.070754
Head,193.06,0.01632506,1.632098,-8.062786,3.041039,46.85787,6.765763
Head,193.28,0.02040017,1.632678,-8.060141,3.084012,46.45269,6.17859
Head,193.52,0.02163931,1.633832,-8.05918,2.890656,46.39842,6.261161
Head,193.74,0.02253086,1.635123,-8.062316,2.642122,46.07224,5.931437
Head,193.98,0.02392902,1.636141,-8.06497,2.519735,45.99969,5.845093
Head,194.2,0.02257326,1.636074,-8.068049,2.553688,46.42524,5.664295
Head,194.44,0.01874672,1.636028,-8.069375,2.364091,46.63905,5.981303
Head,194.66,0.01790323,1.635518,-8.068207,2.474479,46.59013,6.108817
Head,194.88,0.01885886,1.635058,-8.068066,2.627018,46.77866,6.1497
Head,195.12,0.01997651,1.634878,-8.06897,2.695525,47.06184,6.045278
Head,195.34,0.01983353,1.634778,-8.069813,2.779685,46.97241,5.980997
Head,195.58,0.01821683,1.634555,-8.071075,2.832642,47.25103,6.17652
Head,195.8,0.01685755,1.634204,-8.072044,2.836482,47.38297,6.153121
Head,196.04,0.01670253,1.633999,-8.071679,2.922725,47.16208,6.120147
Head,196.26,0.01835653,1.63342,-8.070765,3.248139,47.09126,6.057114
Head,196.5,0.0198815,1.632834,-8.070967,3.482794,47.29888,6.038306
Head,196.72,0.02042357,1.633013,-8.070553,3.493936,46.89727,5.894814
Head,196.96,0.02046958,1.633299,-8.071026,3.507357,47.1815,5.900423
Head,197.18,0.02099871,1.633175,-8.071176,3.547265,46.96511,5.738841
Head,197.4,0.02158796,1.632779,-8.071226,3.475899,47.07822,5.726401
Head,197.64,0.02185008,1.633146,-8.071951,3.316481,47.23746,5.56003
Head,197.86,0.02306756,1.633206,-8.072095,3.323371,47.26572,5.255497
Head,198.1,0.02261429,1.633057,-8.071651,3.426166,47.32698,5.379635
Head,198.34,0.02078751,1.633094,-8.07139,3.335431,47.27342,5.566415
Head,198.56,0.02064948,1.633312,-8.070779,3.206654,47.16148,5.386273
Head,198.78,0.02156025,1.632782,-8.06978,3.390979,47.41159,5.464307
Head,199.02,0.02217482,1.632374,-8.069878,3.494787,47.48886,5.395076
Head,199.24,0.02405287,1.631988,-8.070675,3.698928,48.14545,5.55666
Head,199.48,0.02600762,1.631892,-8.07214,3.580865,48.18904,5.724978
Head,199.7,0.02667566,1.632455,-8.070811,3.614095,47.40411,5.577806
Head,199.94,0.02648713,1.634577,-8.068345,3.041934,46.01105,5.142811
Head,200.16,0.02442295,1.634071,-8.067885,2.231821,45.04998,5.132164
Head,200.38,0.02216026,1.634464,-8.067866,1.761788,43.99979,4.957546
Head,200.62,0.02125867,1.634477,-8.067343,2.051376,44.04699,5.437423
Head,200.84,0.01919595,1.634204,-8.068229,2.045475,44.30924,5.547482
Head,201.08,0.02065183,1.633956,-8.06789,2.289094,44.07546,5.517944
Head,201.3,0.02089592,1.633677,-8.067814,2.329863,43.93153,5.558593
Head,201.54,0.02113689,1.633521,-8.06758,2.518238,44.14362,5.813278
Head,201.76,0.01992137,1.633204,-8.067029,2.428091,43.89228,6.001714
Head,201.98,0.01997925,1.633083,-8.065699,2.568034,43.57444,6.040018
Head,202.22,0.01895556,1.633069,-8.065374,2.622597,43.73279,6.301662
Head,202.46,0.01846617,1.632911,-8.06586,2.618024,43.70721,6.299081
Head,202.68,0.01872101,1.632888,-8.066149,2.702723,43.85404,6.377841
Head,202.9,0.01853282,1.632852,-8.066241,2.702385,43.7916,6.311358
Head,203.14,0.01823093,1.632821,-8.065989,2.672641,43.85918,6.290592
Head,203.36,0.01829885,1.632452,-8.065301,2.565529,43.64357,6.363103
Head,203.6,0.01959601,1.632245,-8.065796,2.53606,44.04031,6.179995
Head,203.82,0.02002211,1.632683,-8.06616,2.287106,43.75379,5.994047
Head,204.06,0.02053945,1.6326,-8.065681,2.469918,43.52689,5.990584
Head,204.28,0.02010196,1.632341,-8.06496,2.500022,43.1244,6.086053
Head,204.52,0.02183864,1.633,-8.060135,2.525141,41.35595,6.195334
Head,204.74,0.02252656,1.63259,-8.051535,1.584872,36.80296,5.227695
Head,204.98,0.019182,1.632428,-8.048019,0.1520131,32.73758,4.39733
Head,205.2,0.02100107,1.632138,-8.04862,0.1902276,33.41428,4.687706
Head,205.44,0.02055079,1.634979,-8.051256,358.67,32.31802,4.106997
Head,205.66,0.01767766,1.635602,-8.05391,357.8266,31.69349,3.814611
Head,205.9,0.01475268,1.635721,-8.057759,357.8975,32.46272,4.24695
Head,206.12,0.01520055,1.636667,-8.058056,357.917,32.743,3.800766
Head,206.34,0.01383626,1.638377,-8.055217,357.1074,32.29488,3.888004
Head,206.58,0.01153021,1.638033,-8.052639,357.252,32.44339,4.164545
Head,206.8,0.01153435,1.637108,-8.052986,357.5934,33.76011,4.145153
Head,207.04,0.01384348,1.635434,-8.055984,358.9691,36.86559,4.1427
Head,207.26,0.01440853,1.634237,-8.057084,359.6235,37.628,4.551987
Head,207.48,0.01353666,1.633559,-8.05728,0.02624821,37.62422,4.531903
Head,207.72,0.01227096,1.63359,-8.056061,0.1448575,37.66272,4.631214
Head,207.94,0.01286454,1.63346,-8.055431,0.2337951,37.37432,4.50303
Head,208.18,0.01942447,1.634257,-8.052435,359.9731,36.39478,3.349694
Head,208.4,0.01493873,1.637067,-8.053514,359.3794,34.97615,3.117301
Head,208.64,0.01342129,1.637911,-8.052941,0.004654947,33.62714,0.6290386
Head,208.86,0.01395788,1.639559,-8.054033,359.0986,32.8047,359.7135
Head,209.1,0.01507343,1.637265,-8.055468,359.73,33.66973,359.4279
Head,209.32,0.016239,1.632459,-8.054565,359.2409,33.86092,359.6573
Head,209.56,0.01771113,1.63187,-8.053154,358.5791,34.93474,358.3972
Head,209.78,0.01850697,1.633872,-8.051905,358.6713,34.81593,358.8101
Head,210.02,0.01586962,1.637205,-8.053055,359.019,33.67758,0.4079001
Head,210.24,0.01331211,1.637855,-8.053707,358.9594,33.21115,0.7795267
Head,210.48,0.007019126,1.638933,-8.049551,357.8915,31.34515,0.7854062
Head,210.7,0.0130949,1.63205,-8.03987,1.255975,27.07081,359.6659
Head,210.94,0.01698094,1.627459,-8.032269,2.898823,27.07461,359.1031
Head,211.16,0.02255192,1.625983,-8.026272,3.111283,25.95845,357.7999
Head,211.38,0.02756018,1.626323,-8.023668,2.384633,25.52836,357.7781
Head,211.62,0.02844748,1.626648,-8.02466,2.521866,26.01662,358.049
Head,211.84,0.02661587,1.629654,-8.026994,1.269803,25.7019,357.9226
Head,212.08,0.02464167,1.626027,-8.027403,2.707746,24.50524,358.8005
Head,212.3,0.0247627,1.626567,-8.02908,2.507244,25.01125,357.5701
Head,212.54,0.02500581,1.621248,-8.024615,4.134925,24.33925,356.5548
Head,212.76,0.02750599,1.61658,-8.019684,6.271693,24.8798,356.3951
Head,213,0.02967623,1.615615,-8.018313,7.101962,24.81054,355.9386
Head,213.22,0.0302586,1.612858,-8.015888,7.924178,24.75309,355.8423
Head,213.44,0.02306747,1.612225,-8.016963,9.17129,27.97202,358.7747
Head,213.68,0.01314069,1.613555,-8.018874,9.250564,27.99754,0.2645952
Head,213.9,0.01324098,1.609275,-8.012918,11.6606,28.6741,357.5927
Head,214.14,0.0146204,1.612661,-8.001695,16.06207,29.55161,353.2538
Head,214.36,0.02660756,1.623183,-7.992987,19.86418,30.10164,353.6278
Head,214.6,0.05751341,1.623911,-7.965384,33.63277,29.71942,351.0102
Head,214.82,0.09589285,1.595165,-7.927444,46.29606,28.9811,348.1643
Head,215.04,0.11354,1.518362,-7.902853,52.95866,27.83876,347.8159
Head,215.26,0.1177206,1.379164,-7.88194,48.77041,28.18459,348.5207
Head,215.5,0.1262545,1.235886,-7.860391,61.05167,31.81483,353.6147
Head,215.72,0.1291315,1.183658,-7.855758,64.7644,37.96417,4.909178
Head,215.96,0.1299906,1.184352,-7.851892,66.49965,28.93364,357.4474
Head,216.18,0.1315528,1.181988,-7.850105,68.84521,23.98009,351.0668
Head,216.42,0.1301174,1.181761,-7.85045,69.05946,26.87686,353.9659
Head,216.64,0.1300597,1.181617,-7.847258,71.11018,27.06304,354.3859
Head,216.88,0.1355012,1.182011,-7.841997,76.27961,17.7435,344.1384
Head,217.1,0.1355383,1.181072,-7.845569,74.52212,19.73302,345.9977
Head,217.34,0.1358772,1.18206,-7.848865,72.18648,17.0478,343.3235
Head,217.56,0.1271408,1.184185,-7.854078,68.87724,17.65505,344.2166
Head,217.8,0.1222563,1.185626,-7.860836,68.25153,16.46781,343.2196
Head,218.02,0.1135108,1.186622,-7.871614,67.90972,16.6239,343.605
Head,218.26,0.1061425,1.187095,-7.882336,68.12757,16.02829,342.9476
Head,218.48,0.1026885,1.187796,-7.895049,70.34966,13.21655,340.1408
Head,218.72,0.08988028,1.186954,-7.913405,71.61782,15.62273,336.3814
Head,218.94,0.07946984,1.186354,-7.923393,74.95023,16.1352,328.0848
Head,219.18,0.07595713,1.184418,-7.922504,76.53738,21.21828,330.1357
Head,219.4,0.06855721,1.182472,-7.919858,73.23757,17.5061,327.3659
Head,219.62,0.05794063,1.191268,-7.908071,58.96051,19.39657,332.2529
Head,219.86,0.02598245,1.235984,-7.879028,44.35632,27.16377,337.8611
Head,220.08,-0.04112525,1.28925,-7.841626,30.18762,28.07131,338.6069
Head,220.32,-0.1524983,1.334158,-7.830807,23.59901,22.23261,340.814
Head,220.54,-0.2367528,1.343525,-7.827318,18.44372,18.16097,343.1442
Head,220.78,-0.2830063,1.333802,-7.815113,17.90334,18.11795,345.9346
Head,221,-0.303951,1.334511,-7.803005,14.36671,19.56589,347.68
Head,221.24,-0.3287873,1.334431,-7.802495,11.95899,20.26972,349.3478
Head,221.46,-0.3499166,1.338434,-7.804634,10.69439,19.85532,350.676
Head,221.7,-0.370459,1.342524,-7.809072,10.65109,18.95838,351.0817
Head,221.92,-0.3803167,1.337194,-7.801909,9.751012,19.90184,353.1672
Head,222.16,-0.3898566,1.333865,-7.795773,8.347084,20.70665,354.3135
Head,222.38,-0.4056506,1.333105,-7.786061,6.470271,20.74933,356.3778
Head,222.62,-0.4373199,1.35041,-7.776298,6.365551,24.5278,5.871503
Head,222.84,-0.4815181,1.370168,-7.766375,1.704208,32.8729,11.93008
Head,223.06,-0.5267291,1.365142,-7.754333,2.45171,41.29803,14.358
Head,223.3,-0.5596466,1.316549,-7.767444,357.4957,47.15297,6.401999
Head,223.52,-0.5751311,1.288222,-7.778295,359.8319,49.99123,6.480746
Head,223.74,-0.6144712,1.241447,-7.784449,359.4631,68.62811,1.616768
Head,223.98,-0.625975,1.227984,-7.760106,356.6046,80.72576,0.6367149
Head,224.2,-0.6323247,1.281149,-7.734495,352.8669,86.05042,1.389276
Head,224.44,-0.6423572,1.34296,-7.734284,353.404,97.28978,343.3145
Head,224.66,-0.6405894,1.352412,-7.737075,358.5029,101.3069,348.514
Head,224.9,-0.630715,1.358786,-7.742067,1.423365,103.3964,342.1758
Head,225.12,-0.6255031,1.371401,-7.740647,9.603738,101.201,340.3549
Head,225.34,-0.6249628,1.372995,-7.730962,2.176204,100.4113,355.0959
Head,225.58,-0.6547682,1.363973,-7.724903,351.4722,98.73727,353.7048
Head,225.8,-0.66485,1.364611,-7.731345,350.4245,105.2839,343.3323
Head,226.04,-0.6714677,1.343272,-7.714229,335.0167,118.8873,0.7620279
Head,226.26,-0.004707515,1.320925,-7.846344,341.8326,9.008369,2.000876
Head,226.5,-0.008760692,1.290196,-7.850562,348.5871,23.45465,356.622
Head,226.72,-0.02622658,1.283526,-7.858136,349.6013,29.62318,355.2454
Head,226.96,-0.04592879,1.288197,-7.864126,345.5435,25.36039,358.5883
Head,227.18,-0.05237709,1.28435,-7.864289,350.0266,18.94552,0.4040787
Head,227.42,-0.0513228,1.289555,-7.839885,0.1199754,358.8403,358.5592
Head,227.64,-0.03907669,1.305104,-7.806484,1.414171,0.441133,357.859
Head,227.86,-0.03416318,1.314451,-7.800875,3.097124,359.7865,353.8048
Head,228.08,-0.03451544,1.319983,-7.785347,11.20727,349.1725,347.886
Head,228.32,-0.05911347,1.336039,-7.745708,19.95675,346.4366,342.4911
Head,228.56,-0.0970716,1.341252,-7.721424,7.811578,346.999,348.7271
Head,228.78,-0.1214632,1.352128,-7.686216,12.94437,344.9176,350.298
Head,229.02,-0.1351691,1.350075,-7.66503,7.39744,348.6949,354.441
Head,229.24,-0.1217669,1.345457,-7.652163,5.980513,350.7487,354.2567
Head,229.48,-0.101879,1.343404,-7.652692,3.15197,351.9644,356.1858
Head,229.7,-0.0765835,1.340348,-7.660392,0.4666776,354.7683,357.2569
Head,229.94,-0.05540036,1.337031,-7.672131,357.7908,356.9904,1.125203
Head,230.16,-0.06348231,1.347614,-7.657228,359.9801,350.6312,1.940722
Head,230.4,-0.0798085,1.353829,-7.605357,3.970239,344.6468,358.7426
Head,230.62,-0.09281844,1.357285,-7.573935,7.187619,340.1017,3.029167
Head,230.86,-0.1131607,1.357958,-7.552953,14.80941,344.6142,1.244028
Head,231.08,-0.1286782,1.371902,-7.521684,32.08433,342.4318,1.37334
Head,231.32,-0.1738167,1.436338,-7.451798,50.17987,340.866,0.5967327
Head,231.54,-0.2529308,1.436862,-7.371495,50.1927,336.7375,350.0772
Head,231.78,-0.3515075,1.399871,-7.307798,48.82552,333.5816,341.8189
Head,232,-0.3993584,1.371018,-7.270942,40.07033,336.4952,336.688
Head,232.24,-0.3821331,1.345036,-7.241857,47.80996,319.229,323.365
Head,232.46,-0.3354329,1.301306,-7.225595,48.58054,302.7581,309.4981
Head,232.68,-0.3445237,1.291447,-7.208852,62.69206,296.5765,304.6716
Head,232.92,-0.3620753,1.292775,-7.197268,65.32341,307.5951,316.5227
Head,233.16,-0.3497376,1.293798,-7.199765,58.73368,310.8704,323.7448
Head,233.38,-0.3227909,1.284535,-7.207652,51.67155,311.9733,324.6974
Head,233.6,-0.3116262,1.267002,-7.207513,59.02594,311.6819,325.876
Head,233.84,-0.3164908,1.266279,-7.204579,58.17675,320.754,334.338
Head,234.06,-0.3142975,1.291185,-7.199651,58.62849,321.739,334.1366
Head,234.3,-0.3106205,1.26274,-7.203709,61.00903,322.3951,334.7638
Head,234.52,-0.3137113,1.246569,-7.195404,62.1605,317.8181,330.2019
Head,234.76,-0.3167462,1.243012,-7.191584,63.30673,321.5717,332.8017
Head,234.98,-0.3200619,1.241595,-7.19002,63.28982,325.0212,335.6823
Head,235.22,-0.3184553,1.240315,-7.196108,50.33085,327.1111,337.436
Head,235.44,-0.3135946,1.234361,-7.205141,47.92821,327.2826,338.3274
Head,235.68,-0.3043092,1.218324,-7.206738,40.93317,324.3757,339.5099
Head,235.9,-0.2815981,1.215186,-7.201412,22.87845,313.3155,340.5586
Head,236.12,-0.2593984,1.191046,-7.193819,10.62226,308.1565,347.9871
Head,236.36,-0.2252529,1.168351,-7.174149,5.650453,291.151,356.0657
Head,236.6,-0.2114721,1.166351,-7.163395,4.815531,292.1199,357.386
Head,236.82,-0.2053373,1.171473,-7.168742,2.142156,294.4692,358.6165
Head,237.04,-0.199491,1.170814,-7.178535,2.234077,293.3084,357.2972
Head,237.28,-0.1871652,1.163284,-7.192692,0.7762231,293.074,347.3344
Head,237.5,-0.1843975,1.163939,-7.200863,2.487066,291.4507,348.3972
Head,237.74,-0.1858258,1.165665,-7.196909,2.647101,291.7584,349.0368
Head,237.96,-0.1820383,1.166905,-7.195805,3.721751,288.2562,346.1686
Head,238.2,-0.1794376,1.171799,-7.199726,8.491349,285.2269,346.7591
Head,238.42,-0.1912189,1.181342,-7.197298,20.64129,284.7079,352.9522
Head,238.64,-0.1885847,1.180428,-7.199546,18.54974,285.5271,353.5917
Head,238.88,-0.1829755,1.17563,-7.198696,11.83719,286.3883,350.1503
Head,239.1,-0.1760437,1.176062,-7.181305,11.45234,276.2129,347.6915
Head,239.34,-0.165203,1.172113,-7.170963,5.83173,270.5032,350.7016
Head,239.56,-0.164599,1.174106,-7.170501,6.265884,271.0322,351.6343
Head,239.8,-0.1656537,1.174982,-7.168478,6.323163,271.8166,352.2497
Head,240.02,-0.1653164,1.174885,-7.168542,6.23441,271.8879,352.5746
Head,240.24,-0.164391,1.175245,-7.169947,6.277189,272.1223,352.7834
Head,240.48,-0.1634806,1.175543,-7.168493,6.159351,272.5722,353.0088
Head,240.7,-0.1630324,1.17542,-7.1682,6.105137,272.7219,352.8541
Head,240.94,-0.1636407,1.175284,-7.168116,6.204192,272.7316,352.9511
Head,241.16,-0.1633053,1.175227,-7.168171,6.136497,272.7151,353.0302
Head,241.4,-0.1634029,1.17515,-7.168256,6.136024,272.7525,352.9956
Head,241.62,-0.1634324,1.17513,-7.168835,6.162058,272.7806,353.1705
Head,241.86,-0.1632065,1.174899,-7.169278,6.029756,272.8091,353.4411
Head,242.08,-0.1629044,1.17514,-7.169564,6.075255,272.8113,353.4239
Head,242.32,-0.1629343,1.175166,-7.169216,5.89576,272.8557,353.4647
Head,242.54,-0.1630571,1.175151,-7.168798,5.832556,272.9816,353.4756
Head,242.76,-0.1631181,1.175169,-7.169001,5.867908,272.9576,353.5817
Head,243,-0.1629585,1.175118,-7.16938,5.909861,272.939,353.6469
Head,243.22,-0.163061,1.175091,-7.169477,5.887481,272.8994,353.6913
Head,243.46,-0.1632419,1.175021,-7.168952,5.862264,272.9974,353.7939
Head,243.68,-0.1633367,1.174991,-7.169308,5.900829,272.9895,353.7357
Head,243.92,-0.1631533,1.175189,-7.16899,5.834664,273.0432,353.7622
Head,244.14,-0.1634446,1.175154,-7.168585,5.793079,273.1253,353.8223
Head,244.38,-0.1628911,1.175166,-7.168604,5.833595,273.1844,353.822
Head,244.6,-0.1633581,1.175281,-7.167519,5.808899,273.2833,353.8041
Head,244.84,-0.1634982,1.175176,-7.168151,5.962357,273.175,353.8509
Head,245.06,-0.1630433,1.175053,-7.168655,5.918858,273.2018,353.9233
Head,245.3,-0.1627493,1.174075,-7.167757,4.799455,273.5457,353.4225
Head,245.52,-0.1641019,1.174702,-7.167147,5.613884,273.6081,353.4445
Head,245.76,-0.1637926,1.17451,-7.166984,5.437846,273.6864,353.4202
Head,245.98,-0.1636762,1.174584,-7.167205,5.571575,273.684,353.6176
Head,246.2,-0.164147,1.173951,-7.166207,4.974178,273.8114,353.3182
Head,246.44,-0.1642636,1.174476,-7.167147,5.512773,273.7445,353.7998
Head,246.68,-0.1646886,1.174276,-7.165715,5.459832,273.7004,353.6925
Head,246.9,-0.1650177,1.174361,-7.16521,5.449749,273.5983,353.3563
Head,247.12,-0.1654996,1.174538,-7.161645,5.95363,274.1578,353.2298
Head,247.36,-0.1658408,1.174458,-7.160135,5.561743,274.6248,353.8318
Head,247.58,-0.165629,1.173718,-7.159403,4.821904,274.7098,353.3778
Head,247.82,-0.1662564,1.173712,-7.158778,5.363217,274.6501,353.1078
Head,248.04,-0.1669895,1.1729,-7.159112,6.085073,274.1529,351.8109
Head,248.26,-0.1673835,1.172992,-7.158007,6.179635,274.101,351.7996
Head,248.5,-0.1670957,1.173043,-7.159818,6.187979,274.082,352.0475
Head,248.72,-0.1673181,1.173082,-7.158532,6.095456,274.2192,351.9597
Head,248.96,-0.1670446,1.17301,-7.159803,6.107038,274.1775,352.1011
Head,249.18,-0.1671647,1.173038,-7.159375,6.09155,274.2665,352.1636
Head,249.42,-0.1671105,1.173003,-7.159059,6.066641,274.3855,352.2744
Head,249.64,-0.1668428,1.17289,-7.159879,5.970308,274.4188,352.502
Head,249.88,-0.1666895,1.17306,-7.16058,5.955292,274.3917,352.591
Head,250.1,-0.1669878,1.173288,-7.160484,5.887826,274.5043,352.644
Head,250.34,-0.1659885,1.173365,-7.161136,5.859363,274.6015,352.7825
Head,250.56,-0.166261,1.17351,-7.16116,5.720553,274.6709,352.843
Head,250.78,-0.1668057,1.173595,-7.160947,5.818884,274.7733,352.8951
Head,251.02,-0.1669149,1.173497,-7.160493,5.804914,274.8434,352.8118
Head,251.24,-0.1668375,1.173325,-7.160662,5.812836,274.8659,352.9292
Head,251.48,-0.1666816,1.173167,-7.160934,5.802689,274.9246,353.0174
Head,251.7,-0.1668245,1.173134,-7.161013,5.854386,274.9068,352.9991
Head,251.94,-0.1669214,1.172977,-7.161203,5.906324,274.935,353.0832
Head,252.16,-0.1668332,1.172683,-7.161378,5.776493,274.9487,353.0926
Head,252.38,-0.166748,1.172638,-7.161944,5.713274,274.9406,353.104
Head,252.62,-0.1666918,1.172577,-7.162003,5.637294,274.9838,353.121
Head,252.84,-0.1667922,1.172559,-7.161802,5.65136,274.9898,353.0909
Head,253.06,-0.166902,1.172604,-7.161897,5.760602,275.0087,353.1636
Head,253.28,-0.1668858,1.172573,-7.162181,5.806664,275.0077,353.1883
Head,253.5,-0.1668589,1.172827,-7.162283,5.83313,275.0518,353.2949
Head,253.72,-0.1666919,1.172893,-7.162315,5.74088,275.0913,353.3008
Head,253.94,-0.166548,1.172868,-7.162399,5.790064,275.0979,353.3083
Head,254.18,-0.1665797,1.172938,-7.16232,5.804505,275.1288,353.3183
Head,254.4,-0.1667148,1.172961,-7.162255,5.768753,275.155,353.3486
Head,254.64,-0.1666077,1.172928,-7.162317,5.729972,275.149,353.3003
Head,254.86,-0.166729,1.172945,-7.162115,5.667906,275.1878,353.3094
Head,255.1,-0.1666958,1.172897,-7.161826,5.59661,275.1961,353.2291
Head,255.32,-0.1669391,1.173009,-7.162223,5.834211,275.1346,353.2731
Head,255.56,-0.1670849,1.172899,-7.161846,5.730173,275.1792,353.2219
Head,255.78,-0.1668926,1.172857,-7.162075,5.671643,275.2145,353.2106
Head,256,-0.1667393,1.172816,-7.16203,5.629023,275.2234,353.2543
Head,256.24,-0.1671254,1.172979,-7.162631,5.947023,275.1443,353.3473
Head,256.48,-0.1670596,1.172732,-7.162132,5.471114,275.19,353.1043
Head,256.7,-0.1673075,1.172916,-7.16238,5.859597,275.1636,353.3045
Head,256.92,-0.1671773,1.172746,-7.16214,5.628617,275.1737,353.2071
Head,257.16,-0.1672999,1.172766,-7.161983,5.659354,275.1763,353.1049
Head,257.38,-0.1671807,1.172568,-7.162194,5.656615,275.1821,353.1544
Head,257.62,-0.1670453,1.172427,-7.162069,5.651192,275.1986,353.16
Head,257.84,-0.1670508,1.172433,-7.162205,5.61618,275.1839,353.1595
Head,258.08,-0.1668781,1.172367,-7.161438,5.51655,275.2327,353.0797
Head,258.3,-0.1660432,1.172299,-7.162879,5.506661,275.1825,353.1342
Head,258.54,-0.166539,1.172341,-7.162278,5.566443,275.2236,353.2231
Head,258.76,-0.1667688,1.17242,-7.161963,5.660287,275.2151,353.149
Head,258.98,-0.1668412,1.172392,-7.162278,5.660855,275.2375,353.1705
Head,259.22,-0.1670134,1.172558,-7.162114,5.665045,275.2605,353.1864
Head,259.46,-0.1670456,1.17253,-7.162122,5.683239,275.2645,353.2649
Head,259.68,-0.1669999,1.172403,-7.16227,5.678018,275.2767,353.2589
Head,259.9,-0.167044,1.172483,-7.162193,5.685492,275.2822,353.2612
Head,260.12,-0.1674047,1.172662,-7.162212,6.122374,275.1668,353.2225
Head,260.36,-0.1673502,1.17257,-7.162265,6.019769,275.137,353.1173
Head,260.58,-0.1679723,1.17274,-7.161773,6.432226,274.8846,353.0922
Head,260.82,-0.1680603,1.17263,-7.161903,6.567432,274.7488,353.4101
Head,261.04,-0.1709038,1.173892,-7.162215,7.777164,272.166,354.3193
Head,261.28,-0.1773451,1.174176,-7.158835,10.42656,268.2011,353.427
Head,261.5,-0.1827233,1.173218,-7.155467,7.649049,265.7136,355.0237
Head,261.74,-0.2043023,1.207302,-7.143992,11.81502,263.778,341.0158
Head,261.96,-0.2455073,1.246576,-7.147062,4.107298,263.5913,339.6084
Head,262.2,-0.2662954,1.246742,-7.17418,357.1984,259.9099,343.6781
Head,262.42,-0.2434213,1.214168,-7.200932,0.8449643,255.4016,339.297
Head,262.66,-0.2793747,1.225354,-7.220964,1.437153,251.6055,340.5897
Head,262.88,-0.4114474,1.273546,-7.239868,355.678,254.4416,338.5754
Head,263.12,-0.5498598,1.311992,-7.247017,344.2924,255.6562,346.4993
Head,263.34,-0.6685716,1.328375,-7.270297,343.1752,249.5712,351.1385
Head,263.58,-0.8058117,1.327743,-7.328069,342.9046,249.0722,355.7365
Head,263.8,-0.8891156,1.317685,-7.360426,344.9624,252.8638,357.5572
Head,264.02,-0.9302242,1.312614,-7.361277,347.9518,253.7606,358.7575
Head,264.26,-0.954989,1.309043,-7.363264,350.9574,252.342,2.003967
Head,264.48,-0.9686486,1.308353,-7.364629,353.2302,251.7992,2.432204
Head,264.72,-0.9770828,1.307505,-7.367196,355.6568,250.4162,0.9839527
Head,264.94,-0.983001,1.307197,-7.369433,359.3893,248.7323,0.6775129
Head,265.18,-0.9867208,1.307917,-7.370116,359.1512,246.0858,0.2743954
Head,265.4,-0.9868309,1.307861,-7.369956,359.1491,246.0941,359.9844
Head,265.64,-0.9866211,1.307777,-7.370282,359.1813,246.1508,0.3076916
Head,265.86,-0.9865284,1.307867,-7.370189,359.1802,246.1429,0.2554903
Head,266.08,-0.9865553,1.307878,-7.370098,359.1954,246.1288,0.2387938
Head,266.32,-0.9870442,1.308236,-7.369747,359.7848,245.8948,359.6876
Head,266.54,-0.9759558,1.324818,-7.359546,14.50805,248.3536,357.5903
Head,266.78,-0.9952919,1.383,-7.291335,18.71016,256.6094,356.6935
Head,267,-1.06603,1.461862,-7.176199,19.65484,249.7483,4.820322
Head,267.24,-1.168381,1.491335,-7.074244,20.54658,261.9184,3.596642
Head,267.46,-1.26952,1.465054,-7.004784,16.46455,260.4557,4.256227
Head,267.7,-1.336746,1.42173,-6.970998,13.61179,255.1266,5.481647
Head,267.92,-1.355121,1.384754,-6.955858,13.99567,256.3431,9.185586
Head,268.16,-1.358309,1.368107,-6.956645,18.15751,258.8621,7.784862
Head,268.38,-1.367873,1.342074,-6.961158,15.61977,254.4621,3.597972
Head,268.62,-1.366088,1.330901,-6.959858,18.55413,256.045,4.783459
Head,268.84,-1.360914,1.323482,-6.960416,18.71016,256.3149,3.91777
Head,269.06,-1.356727,1.318913,-6.963446,14.40924,256.5919,0.9779001
Head,269.3,-1.352928,1.304724,-6.970106,359.9149,259.8296,1.488662
Head,269.52,-1.352319,1.304369,-6.969122,359.1568,260.1446,0.5346368
Head,269.76,-1.352543,1.304513,-6.968921,359.3757,260.0168,0.1911433
